account,broker_name,company_name,listing_url
1593,"vested business brokers, ltd","vested business brokers, ltd",https://www.vestedbb.com/advancesearch/index.html
28149,hedgestone advisors,hedgestone business advisors,https://www.hedgestone.com/businesses-for-sale/
13461,routes for sale®,routes for sale,https://www.routesforsale.net/route-listings.html
20899,ron matheson,websiteclosers.com,https://www.websiteclosers.com/businesses-for-sale/
37203,route consultant,route consultant,https://listings.routeconsultant.com/route-search-results/
11331,national pool route sales lic re broker ca#01899885 fl#bk33740409,"national pool route sales, llc",https://poolroutesales.com/pool-routes-for-sale/
2900,eric gagnon,we sell restaurants,https://www.wesellrestaurants.com/restaurant-for-sale-near-me/All
2408,jeff linda nyman,first choice business brokers,https://fcbb.com/businesses-for-sale?page=1
388,larry bodner,executive business brokers,https://execbb.com/buyer/sub/results.asp?searchtype=incsearch
44749,jim boyd,national industry network business brokers,https://www.ninbb.com/search_results
3477,tom traina,eatz & associates,https://eatz-associates.com/listings/?fwp_status=for-sale%2Cnew-listing%2Cunder-contract%2Cfor-lease
28632,tommy tran,grand realty group,https://restaurantforsales.com/buy-a-restaurant.html
2119,blake taylor,synergy business brokers,https://synergybb.com/businesses-for-sale/
37947,eric espinoza,glb group inc.,https://greenlifebusiness.com/search-result/?keyword=&location-1=&status%5B%5D=for-sale&status%5B%5D=pending&status%5B%5D=sold&sortby=d_date
13582,henry galasso,east coast business brokers,https://www.eastcoastbusinessbrokers.com/index.php?p=search-result
1369,"steven d zimmerman, cbb, m&ami, cbi, fibba",restaurant realty company,https://restaurantrealty.com/search-listing-by-grid/
2212,calhoun companies,calhoun companies,https://www.calhouncompanies.com/find-a-business
21529,goldstar business brokers,goldstar business brokers,https://goldstarbbaz.com/CurrentListings.aspx
8517,nidal saleh,the saleh group re/max preferred group,https://salehgroup.com/business-directory/
104,ken stein,the kensington company,https://kensingtoncompany.com/business-listings/
5728,matt sadati,liberty business advisors of san francisco inc.,https://www.lbaweb.com/search-result/?business_type=0&business_type_sub=Business+Listing&max_price=Price&agent=Agent&listing_number=&status=Status&submit1=
3873,steven josovitz,shumacher restaurant brokers,https://www.shumacher.com/category/listings/
889,"a. bert risdon, b.c.i.","florida business exchange, inc.",https://fbxbrokers.com/fbx-listings/
28568,ian maclachlan,business team,https://www.business-team.com/buy-a-business/search-results.aspx?lid=all
21072,rich deluca,prime 100 business brokers,https://prime100businessbrokers.com/search/
14525,darlene ragone,moxie brokerage group | moxie select,https://www.moxiebrokeragegroup.com/listings
44155,cbcg( c land business consulting group) director shawn kim,cbcg (c land business consulting group),https://www.clandbiz.com/search-listing/
6508,v-aid business investment,"v-aid group, inc.",https://v-aidgroup.com/business-for-sale/
9245,armen nazarian,armen nazarian business brokers,https://www.armennazarian.com/buy/
1083,"jay m. inbar, certified mergers&acquisition pro",inbar group inc - business brokers and m&a,https://inbargroup.com/businesses-for-sale/
22641,ben strake,premier business brokers,https://premierbb.com/listings/
8817,todd smith,corbett restaurant group,https://corbettrestaurantgroup.com/listings/
3182,saint louis group business brokers,saint louis group business brokers inc.,https://saintlouisgroup.com/listings/
13263,"troy duffan, ceo","sofranko advisory group, llc",https://sofrankoadvisors.com/for-sale/
15655,cortney sells,"the firm advisors, llc",https://thefirmadv.com/business-buyer/opportunities/
26144,aldrin raphael fernandes,"a r business brokers inc., brokerage",https://www.aldrin.ca/businesses-for-sale/
47713,russell cohen,"south florida m&a advisors, inc.",https://bizmls.com/listings/bbf-1287002/bus-chg7day.asp
39730,jeff bach,fusion business brokers,https://fusionadvantage.com/businesses-for-sale/
885,"cibb, corporate investment business brokers",corporate investment business brokers,https://www.cibb.com/cibb-exclusive-listings/
13088,chuck wimmer,business brokers of arizona,https://www.azbusinessbrokers.com/search-listings
8074,mark daoust,"quiet light brokerage, inc.",https://quietlight.com/listings/
9590,sam saa,metropolitan restaurant brokerage,https://www.buysellarestaurant.com/current-listings
4806,trevin rasmussen,bristol group,https://bristolgrouponline.com/businesses-for-sale/
33847,nick adhikari,baltimore business brokerage,https://baltimorebusinessbrokers.com/business?
16244,coastal business brokers,coastal business brokers,https://coastalbizbrokers.com/all-listings/
2988,tom o'brien,pacific commercial brokers,https://pacificcommercialbrokers.com/listings/
41598,gene townley,tnt business brokers,https://dynamitebrokers.com/businesses-for-sale/
1982,alpine business brokers,"alpine business brokers, llc",https://www.alpinebusinessbrokers.com/utah-businesses-for-sale/
931,chuck harvey,"international business exchange, inc.",https://www.ibexbeyond.com/buy-a-business/
2201,nrp charlotte,national restaurant properties,https://www.nationalrestaurantproperties.com/listings/
32649,erten musa,pro level business,https://www.prolevelbusiness.com/business-for-sale
1271,mac thelen,opportunities in business,https://oibmn.com/listings
39904,zoom business brokers,zoom business brokers,https://zoombusinessbrokers.com/businesses-for-sale/
3339,troy frank,indiana equity brokers,https://indianaequitybrokers.com/businesses-for-sale/
31968,rod ross,ross brothers inc. car wash brokers,https://mycarwashbroker.com/new-york-car-wash-listings/
40510,felizardo gaxiola,first choice business brokers - excellence team,https://www.excellencebusinessbrokers.com/businesses-for-sale
15082,ziggy marszalek,bizbrokerage hub,https://www.bizbrokeragehub.com/listings
563,jay offerdahl,viking mergers & acquisitions,https://www.vikingmergers.com/businesses-for-sale/
22925,carter asefi,franbiznetwork,https://www.franbiznetwork.com/listings/
29181,nadir jiddou,michigan business broker,https://michiganbusinessbroker.com/listings/
47358,joshua d. sagman,business exit advisors,https://bizmls.com/cgi-bin/a-bus2.asp?folder=bbf-1282&src=bus-all
2456,"michael wildeveld, cbb, cbi, cm&ap, m&ami, cepa",the veld group,https://theveldgroup.com/main-street-businesses-for-sale/#
7657,dustin sigall,sd business advisors,https://www.sdbiz.com/businessesforsale
1866,ruly couch,the restaurant brokers,https://therestaurantbroker.com/all-restaurants-available/
2856,jerome thissen,national franchise sales,https://www.nationalfranchisesales.com/listings
13447,steve harvey,business finders,https://businessfinderscanada.com/listings-business
40611,fernando saldivia,link business advisors,https://linkbusiness.com/businesses-for-sale
30194,tom arceri,routes to success,https://www.commercialroutesforsale.com/RouteList.aspx
40660,"samuel meister, mba, cbi",first choice business brokers pittsburgh,https://pittsburgh.fcbb.com/businesses-for-sale?sort=PriceHighToLow&page=1
21020,calder capital - mergers & acquisitions,"calder capital, llc",https://www.caldergr.com/businesses-for-sale/?_sfm_revenue=0+100000000&_sfm_cash_flow=-1000000+2000000
21534,patrick lange,business modification group,https://businessmodificationgroup.com/listings/?statuses=ACTIVE
10506,bill vanden eynden,business & commercial ventures,https://bcvcommercialrealty.com/businesses-for-sale/
36274,imran maqbool,naz business group/ home wire inc,https://naz-business.com/listings
4907,michael nuanes,"business brokerage services, llc",https://denverbbs.com/buy-a-business/
6451,company sellers,company sellers ltd.,https://www.companysellers.com/businesses-for-sale/
43783,practice transitions group,practice transitions group,https://practicetransitionsgroup.com/practices-for-sale/
30234,shane torres,kreate business brokers,https://www.krbb.com/category/all-listings
28476,charles helms,franchise clearly,https://members.franchiseclearly.com/tools/franchisors/public?available
4051,best biz to buy llc texas,"best biz to buy, llc",https://www.bestbiztobuy.com/listings
8407,liliane tietjen,patriot business advisors,https://www.patriotbusinessadvisors.com/Listings.html
22095,harry sidhu,mission peak brokers inc.,https://missionpeakbrokers.com/current-listings/california-business-opportunities-for-sale/
1179,eleanor murray,murray & associates,https://murraybizbuy.com/businesses-for-sale-2/
44057,carol poe,poe group advisors,https://poegroupadvisors.com/buying/usa-cpa-firms-for-sale/
1371,mike nova,santa rosa business & commercial,https://santarosabusinessandcommercial.com/active-new-listings/
18897,lisa ludwig,pool route sales usa inc.,https://usapoolroutesales.com/listings
18272,"eric gall, mba, cm&ap, cbi, m&ami",edison business advisors,https://www.edisonba.com/pages/active-listings
24767,rob anderson,egm,https://equitygroupmi.com/businesses-for-sale-by-egm/
2086,ron cervelli,regal consulting corp.,https://regalconsultants.com/businesses-for-sale-2/
2500,"jeff snell, cm&ap, m&ami, lmcbi, abi",enlign business brokers,https://enlign.com/listings
45443,justin slocum,agency for sale,https://agencyforsale.com/listings?search%5Bbroker_listings%5D=0&search%5Bstatus%5D=&search%5Bfranchise_id%5D=&search%5Bstate%5D=&search%5Bmin_price%5D=&search%5Bmax_price%5D=&search%5Bmin_premium%5D=&search%5Bmax_premium%5D=&button=
40190,raj golee,biz depot brokers,https://biz-depot.co/properties-standard-list/
46305,chris pramber,prambernow,https://www.bizbuysell.com/businesses-for-sale/?q=bHQ9MzAsNDAsODA%3D
27401,"miriam liang, cbi",route advisors,https://www.routeadvisors.com/available-routes/
26515,craig della vedova vista pool routes,bright realty,https://vistapoolroutes.com/for-sale
19031,chris dineno,main street & main,https://mainstreetmain.com/our-listings
26776,charles howard,tangent brokerage,https://tangentbrokerage.com/search/
1687,sasa milosevic,manhattan.biz,https://manhattan.biz/current-listing/
33886,lori feingold,"peak business brokers, llc",https://peakbusinessbrokersllc.com/business-listings/
9576,"affordable business concepts, llc",affordable business concepts llc,https://www.affordablebusinessconcepts.com/featured-list/
39844,ps broker,ps broker,https://www.psbroker.com/property-category/all-veterinary-practices-for-sale/
15416,ronald b. gould,"excel business brokers usa, ltd.",https://www.excelbusinessbrokersusa.com/business-for-sale/
39077,dr. tom necela,the strategic chiropractor llc,https://strategicdc.com/chiropractic-practices-for-sale/
15245,eric owens,app business brokers,https://www.appbusinessbrokers.com/buy/
5557,amy ayeley,great atlanta realty,https://bizbuyandsellga.com/our-listings/
38858,ralph santos,health care biz brokers,https://healthcarebizbrokers.com/listings
40900,steve tsoris,"newleaf business brokerage, llc",https://newleafbrokerage.com/bb/businesses-for-sale/
42194,robert marcarelli,pi business brokers,https://ctbusinessforsale.com/our-listings/
8677,tim bullard,lake country advisors,https://lakecountryadvisors.com/businesses-for-sale/main-street/
31650,tom brubaker,tam-bay mergers & acquisitions,https://www.tambaymergers.com
5515,vantage partners,vantage commercial partners,https://www.commercialmls.com/People/AgentBusOps/19393
22928,prashant parmar,aspect commercial realty & business brokers,https://www.aspectbrokers.biz/BusinessForSale/BusinessForSale
39787,bay area business brokers,bay area business brokers,https://bayareabizbrokers.com/businesses-for-sale/
46471,sanjay wadhwani,kmf business advisors,https://kmfbusinessadvisors.dealrelations.com/listings?page=2%20
28182,rajesh bhatia,reputed brokerage,https://www.reputedbrokerage.com/advanced-search/?status=for-sale
34365,brian zoberg,suncoast business consultants,https://suncoastbiz.net/search-businesses/
9466,sherman hillelson,the sherman group,https://shermangroup.net/listings/
2762,indiana business advisors,indiana business advisors,https://indianabusinessadvisors.com/businesses-for-sale/
3819,"brent bungard, broker",arthur berry & company,https://arthurberry.com/new-listings/
33313,anthony rigney,"quorum business advisors, llc",https://qbusinessadvisors.com/buyers-and-sellers-asp/
34116,matthew baas,small business deal advisors,https://www.smallbusinessdeal.com/current-listings/
40427,"lou sabbagh, cbi, cm&ap",budget business brokers,https://budgetbusinessbrokers.com/Listings-For-Sale/
10357,john hawke,springboard pool route brokers,https://sbpoolroutes.com/route-listings
49543,tom cerniello,total business brokers,https://totalbusinessbrokers.com/listings-on-bizbuysell/
7822,terri sokoloff,specialty bar & restaurant brokers,https://specialtygroup.com/listings/?tab=BizRE
11797,the pacific group las vegas nv,the pacific group,https://us.businessesforsale.com/us/agents/the-pacific-group
17065,brett post,3cre advisors,https://3cre.com/business-listings-columbus/
14674,robert clements,benchmark business group,https://www.benchmarkbusinessgroup.com/business-for-sale
34608,tim johnson,first choice business brokers of hampton roads,https://businessesforsalehamptonroads.com/businesses-for-sale
28885,"jerry hasanovic, cpa, mst","dh brokerage, inc.",https://www.dhbrokerage.com/listings.php
39319,arizona-restaurant sales,hub commercial | arizona restaurant sales,https://arizonarestaurantsales.com/restaurants-for-sale/
352,rob amerine,"the fbb group, ltd.",https://www.fbb.com/businesses-for-sale/
31769,haroon bhatti,capital business brokerage,https://capitalbusinessbrokerage.biz/business/
34182,rocky didonna,biz resales,https://www.bizmls.com/cgi-bin/a-bus2ff.asp?forsale=go
2171,monika page,bizmatch inc.,https://www.biz-match.com/listings
24545,jay armour,the route exchange,https://therouteexchange.com/routes-for-sale/
49207,gregory barnes,dynasty business advisors,https://thedynastyba.com/listings
41789,susan m barnes,florida international business brokers,https://www.flbusinesses.com/all-listings
18595,john lin,capstar commercial realty,https://www.capstarco.com/search-business
23910,"pablo fonseca, mba",spectrum business advisors,https://1800bizbroker.com/business-for-sale/?statuses=ACTIVE
926,frank rubin,amerivest group,https://bbms.biz/listings/bbf-134/bus-own.asp
26675,willow whitney,"accounting firm sold, llc",https://accountingfirmsold.com/listings/
39674,jason ward,truview business advisors,https://www.truviewbusiness.com/businesses-for-sale/
35477,raj sathyaseelan,link silicon valley,https://www.link-siliconvalley.com/businesses-for-sale/
20993,"abdul jobah, ccim designee",jobah's commercial real estate,https://www.jobahcri.com/listings?sale=2
16388,brian do,realtyall.com,https://realtyall.com/business-for-sale-%ec%82%ac%ec%97%85%ec%b2%b4-%eb%a7%a4%eb%a7%a4/
44968,andy rumph,the decain group,https://thedecaingroup.com/businesses-for-sale/
35082,toby barker,"business broker development group, llc",https://www.bizbrokersuccess.com/current-listings
17722,mark johns,kelleher & sadowsky,https://kelleher-sadowsky.com/listings/
2825,bill oates,alliant capital advisors llc,https://alliantbrokers.com/businesses-for-sale-4/
28151,frank abraszek,buffalo business brokers & realty llc,https://www.buffalobusinessbrokers.com/current-listings
44337,milt flinn,generational equity,https://www.dealforce.com/opportunities/
32949,crystal misenheimer,progressive practice sales,https://progressivepracticesales.com/practices-for-sale/
809,bill corley - bottomline business brokers,bottomline business brokers,https://www.blbrokers.com/businesses-for-sale
3636,"randi edwards, cbb, cbis",kr business brokers,https://www.krbrokers.com/kr-business-broker-listings
812,"jon barger, cbb, sba",tucson business investments,https://www.tucsonbusiness.com/listings.html
40242,admin pacficrb,pacific restaurant brokers,https://pacificrestaurantbrokers.com/listings
10121,tommy farmer,the marvin group llc,https://www.businessesforsale.com/search?formName=searchForm&keywords=
40556,alan mehrez,united realty group,https://businessteamusa.com/businesses-for-sale/
9046,joseph latina,"lmt commercial realty, llc",https://lmtcre.com/businesses-for-sale/
26132,luis gutierrez,gutier brokers llc,https://gutierbrokers.com/search-businesses-for-sale/
40194,"take iga cbi, cbb",jrc advisors l exp commercial,https://jrc-advisors.com/businesses-for-sale/
38727,sandra boucher,southeast business alliance,https://sebusinessalliance.com/buy-a-business/
4876,david fairley,websiteproperties.com,https://websiteproperties.com/websites-for-sale/
15708,james sullivan foster,"business brokers of oregon, llc",https://businessbrokersoforegon.com/listings/
13379,tom buckley,fnbc kansas city,https://www.fnbcusa.com/buying-a-business#
1269,ming dong,lee brokers,https://leebrokers.com/business-for-sale/
29132,murat demir,xera realty inc,https://www.xerare.com/status/business-for-sale
26756,marc l. able,benchmark business brokers,https://benchmarkbusinessbrokers.com/businesses-for-sale/
33528,richard green,green & co. business brokers,https://greenandco.biz/featured-for-sale/
5397,dennis serpone,national restaurant exchange,"https://www.nerestaurantbrokers.com/full-service-restaurants

https://www.nerestaurantbrokers.com/fast-food-restaurants

https://www.nerestaurantbrokers.com/liquor-businesses"
10428,"adam bauer, cbi",the business exchange,https://tbxllc.com/businesses-for-sale/
14844,brian stephens,legacy venture group & buybizusa,https://buybizusa.com/all-listings/
38652,jon sheklow,number1businessbroker.com,https://number1businessbroker.com/search/
22154,kathy brents,"accounting biz brokers, llc.",https://accountingbizbrokers.com/listings/
37417,william white,peak commercial,https://murphybusiness.com/hudson/businesses-for-sale/
39159,tommy newton,"xite realty, llc",https://www.xiteco.com/practice-listings/?_practice_listings_map=2.861753%2C-130.813086%2C57.163602%2C-64.543555
807,helen liu,accel business advisors,https://accelvalue.com/current-listing-2/?statuses=ACTIVE
3979,frank & rose stabler,certified business brokers,https://certifiedbb.com/listings/
2379,colliers & acquisitions,colliers,https://businessbrokerage.colliers.com/listing/
19767,j&e business group,j & e business group llc,https://jebizsales.com/businesses-for-sale
36540,"shaun rudgear, mcbi, m&ami, cbi, cbb",strategic medical brokers llc,https://strategicmedicalbrokers.com/listing/
3877,bizex business brokers,bizex businesss brokers,https://www.bizex.net/business-for-sale
18024,dan long,cincinnati business brokers,https://cincybizbroker.com/current-listings/
26004,sheri emami,elite salon sales,https://elitesalonsales.com/salons-for-sale
689,scott balfour,magnusson balfour commercial & business,https://balfourcommercial.com/businesses/businesses-for-sale/
31310,laurance milov,preschool business solutions,https://preschoolbusinesssolutions.dealrelations.com/listings
16843,dane desantis,"hallmark business brokers, inc.",https://hallmarkbrokers.com/listings/
25324,jeff sosville,atm brokerage,https://atmbrokerage.com/atm-routes-for-sale/
19908,kyle rohner,kr capital llc,https://www.deliveryroutesforsale.com/routes/
39949,wasim khan,paradigm business brokers,https://paradigmbb.com/search-listing/
14130,dennis mope,"schools for sale, inc",https://schoolsforsale.com/schools-on-the-market/
8853,billy winkie,southeastern business brokers,https://southeasternbb.com/search/
36383,kris fuehr,paulson exchange,https://www.paulsonexchange.com/businesses-for-sale
13728,h winston hines,hwh properties,https://adultclubbroker.net/current-listings/additional-listings/
40739,paul skiadas,kw town life,https://realestateps.com/business-listings
10809,james moring,restaurantbrokers.info,https://restaurantbrokers.info/listings/
2442,achim neumann,"a neumann & associates, llc",https://neumannassociates.com/business-for-sale/
22490,larry baumgart,performance business advisors,https://abb-businessbrokers.com/businesses-for-sale/
4873,denis mezheritskiy,"roi advisors, inc.",https://list.roibusinessbrokers.com/featured-listings/
20727,jeffrey d. jones,"advanced business brokers, inc.",https://www.advancedbb.com/pages/business-for-sale
27733,penny papaioannou,atlantic business brokers,https://www.atlanticbusinessbroker.com/our-business-for-sale-listings
18896,ian harding,harding & associates,https://hardingbusinessfl.com/search-florida-businesses-for-sale/
4926,carmel business sales,carmel business sales,https://carmelbusinesssales.com/listings/
10129,gary l. weston,coldwell banker commercial- mountain west real estate business sales,https://www.cbcworldwide.com/search/properties?location=United+States&country=United+States&place_id=ChIJCzYy5IS16lQRQrfeQ5K5Oxw
405,luke billiot,"front range business, inc.",https://frontrangebusiness.com/businesses-for-sale/
46358,denise houghtaling,southern country business advisors,https://scbizadvisors.com/sci-listings
20197,jock purtle,business exits inc.,https://businessexits.com/listings/
2036,doug miller,exio,https://goexio.com/marketplace/private-sellers
41539,beth palette,platz realty group,https://www.platzrealtygroup.com/business/
14227,neal agrawal,crest real estate advisors llc & preschoolexchange llc,https://www.preschoolexchange.com/listing/
37217,mike denham,first choice business brokers atlanta metro,https://atlantametro.fcbb.com/businesses-for-sale
46054,bryan gonzales,first choice business brokers san diego,https://sandiegonorth.fcbb.com/businesses-for-sale
35141,william griswold,https://businessforsaleinrichmondva.com/,https://businessforsaleinrichmondva.com/businesses-for-sale?page=1
24986,jeffrey byrd,jeff c consulting group,https://jeffcconsultinggroup.com/fransearchresults.asp
43299,scott gordon,blue ridge brokerage,https://www.blueridgebrokerage.com/businesses-for-sale/
2886,"vasilis georgiou, cm&aa, m&ami, cbi, cbb, mba",crossroads business brokers,https://crossroadsbusiness.com/businesses-for-sale
38339,dominique maddox,eats broker,https://eatsbroker.com/restaurants-for-sale/
13453,dean burnette,best business brokers,https://b3brokers.com/businesses-for-sale/
15906,richard farina,business solutions,https://www.bsnbuysell.com/inventory
45698,barry maring,first choice business brokers - #254,https://northdakota.fcbb.com/businesses-for-sale?sort=FeaturedLocalBusinesses&page=1
33118,jack beraha,ameriteam business brokers,https://ameriteambusinessbrokers.com/search-listings/
6619,chad b. butler,landscape depot investments,https://landscapedepotinvestments.com/search/business-search-results-desktop.php?locid=1&order_by=price&order=desc&cat=all
22352,bryan baese,rpm shop sales,https://www.rpmshopsales.com/
1564,mike sirounis,harbor city business brokers,https://www.harborbiz.com/alllistings.html
5569,sean linch,paragon acquisitions international,https://www.paragonacquisitionsintl.com/listings
45187,annie l adjchavanich,"secret hq, inc.",https://www.secrethqinc.com/listings
44240,mike jani,fortune business brokers,https://www.fortunebizness.com/listing
47460,eric johnson,first choice business brokerage,https://sfbay.fcbb.com/businesses-for-sale?location=California&sort=FeaturedLocalBusinesses&page=1
43474,alex rodriguez-torres,"r.t commercial real estate, llc.",https://rt-cre.com/business-listings
8826,john sandone,"sr business brokers, inc.",https://www.businessbroker.net/listings/bfs_result.aspx?By=AdvancedSearch&r_id=33&ind_id=0&ask_price_l=&ask_price_h=&map_id=12&lcity=&keyword=&lst_no=&time=0&bprice=0&fresale=0&ownerfi=0&county_id=0
23560,harold mcgee,we sell group brokered by exp commercial,https://wesell.group/listings
23905,teri craft,berkshire hathaway commercial division,https://craftbusinesssales.com/
4168,"maninder singh sethi, mba","business usa, inc.",https://www.businessusa.biz/business-for-sale?listing_number=&type=&state=&county=&price=&gross_annual_sales=&business_search=business_search
4285,william laska,laska company,https://www.laskacompany.com/businesses-for-sale/
27736,mike janis,nj broker plus llc.,https://www.businessbrokersplus.com/our-listings/
1349,heather perkins,the boston restaurant group inc.,https://bostonrestaurantgroup.com/restaurants-for-sale/
41187,al lorenzen,"the business brokers, inc.",https://businessbrokersinc.com/our-listings/
22780,adam gilman,the deal firm,https://www.thedealfirm.com/businesses-for-sale/
30295,dashka altanbasan,"westgate business group, llc",https://westgatebusinessgroup.com/current-listings/
26863,chris prasifka,trust business brokers - west usa realty,https://www.trustbusinessbrokers.com/buy-a-business/
39312,jennifer ragazzo,tinsley medical practice brokers,https://tinsleymedicalpracticebrokers.com/listings/
714,brea reger,"bateson business brokerage, inc.",https://batesonbrokerage.com/florida-business-for-sale.asp
41373,"anthony wright, mba","bbc pacific northwest, llc",https://bbcpnw.com/
14582,christina lazuric,california business brokers,https://www.californiabusinessbrokers.com/for-sale-2/
49780,ronnie tarulli,mox advisors,https://moxbiz.com/search/
12752,fletcher brown,brown business brokers,https://birminghambusinessbroker.com/businesses-for-sale
1418,steve sink lifetime cbi&m&ami,phoenix affiliates,https://phxaffiliates.com/our-listings/
37293,aaron evans,texas restaurant advisors,https://www.texasrestaurantadvisors.com/portfolio
43062,jenn morin,trinity business brokers,https://tbb.biz/businesses-for-sale/
3374,bob young,acquisitionsdirect.com,https://acquisitionsdirect.com/buy/
34591,trevor thielke,meritus group,https://meritus.group/businesses-for-sale/
1021,kevin waide,business acquisitions by aprio,https://www.aprio.com/services/business-acquisitions-by-aprio/view-business-listings/
13406,martin berliant,five star business brokers,https://fivestarbusinessbrokers.com/search-our-business-listings/
5970,promed financial,"promed financial, inc.",https://www.promed-financial.com/search-our-listings/
13915,randy sokol,sokol realty license #20174004026,https://businessesforsale.nebba.com/ohio/franklin-county/retail-business-real-estate/
32444,"south florida realty group, inc.",south florida realty group inc.,https://bizmls.com/cgi-bin/a-bus2ff.asp?forsale=go
33451,peter garrod,wnc business brokerage,https://wncbusinessbrokerage.com/
28828,jim conway,conway commercial group,https://www.conwaycommercial.com/business-opportunities/
15714,ramon sanchez-vinas,biz exit brokers & advisors,https://bizexitpro.com/businesses-for-sale/
41760,jim myers,hanna business advisors,https://myersba.com/my-listings/
44175,mike shakeri,aa business sales,https://americanbussales.net/full-inventory/
3105,stewart guthrie,the liberty group of nevada,https://www.thelibertygroupofnevada.com/businesses-for-sale/
38410,carl knickerbocker,broker,https://eca-ba.com/buy-a-business/
41716,keith mackenzie,chinook business advisory,https://app.dealbuilder.co/listings?country=CA&region=BC
39894,andrew stokely,franchise broker group,https://www.franchisebrokergroup.com/franchise-search/
30502,brian godin,godin property brokers,https://godinpropertybrokers.com/
29409,kevin t riordan p.a.,merritt realty corporation,http://gomerritt.com/listings/
44236,ryan roques,first choice business brokers - corona/ontario office,https://corona-ontario.fcbb.com/businesses-for-sale
2505,"jim mayfield, mba",island business & commercial brokerage,https://www.islandbusinessbrokers.com/all-listings/
33741,ian lashley,tlg business broker,https://www.tlgbusinessbroker.com/blog-listings
6675,"mike feinman, managing partner",texas business brokers,https://texasbusinessbrokers.com/our-listings/
8546,pete harrison,"tampa business broker, inc.",https://tampabusinessbroker.com/hot-listings/
37835,"karen schorkopf- managing director, tn business brokers","tn business brokers group, llc",https://www.tennbusinessbrokers.com/business-for-sale
21470,george gourousis,empire restaurant brokers,https://www.massrestaurantbroker.com/listings/
38913,joe liang,"ga business brokers, inc",https://www.gabusinessbrokers.com/businesses-for-sale/
2968,fred canada,the quincy group,https://thequincygroup.net/businesses_for_sale/
3293,matt uhler,wci business brokers northern arizona,https://wcibusinessbrokers.com/business-listings/
39346,larry blevins,american business brokers & consultants,http://www.americanbusinessbrokers.com/display-national.asp
24124,strategic business brokers group,american realty,https://businessbrokerphoenixaz.com/product-category/current-listings/
558,steve cbi cfc,sperry-radekopf & associates,https://www.radcommercial.com/services/businesses-for-sale
44597,michael migliore,realty gold team,https://atlantahomes.us/business-sales/
6454,"dustin zeher, cbi","horizon business brokers, llc",https://www.horizonbrokers.com/businesses-for-sale/
36529,ajeet singh,ajeet singh,https://www.mbbbiz.com/view_inventory.php
13416,autobizbrokers sales team,autobizbrokers,https://autobizbrokers.com/search-results/?status%5B%5D=&type%5B%5D=&states%5B%5D=
39356,bona kim,mergersus inc.,https://mergerscorp.com/listings/
6388,michael song,ms commercial group,https://www.mscommercialgroup.com/businesslistings.html
44553,jeff engle,nj/ny business xchange,https://us.businessesforsale.com/us/agents/new-york-business-exchange
41222,david cutler,woodbridge investments inc,https://woodbridgeinvestmentsinc.net/active-listing
11084,david amarando,advanced brokers,https://advancedlaundrysystems.com/laundromat-brokerage/
44149,moe & andrea bousaid,first choice business brokers orlando metro,https://orlandometro.fcbb.com/businesses-for-sale
3615,keith ryan,keith ryan business brokers,https://cabb.org/listings
24267,frank passantino,"pool route brokers, inc.",https://www.poolroutebrokers.com/routes.php
2614,tricia bernhardt,restaurant exchange,https://www.restx.com/avail.html
45656,vartan kebabjian,spk realty,https://spkrealty.com/businesses/
13737,phil reese,west usa realty,https://www.philsellsbiz.com/listings/
11472,otis florence,"business brokers & consultants, inc",https://bbrokers.com/businesses-for-sale/
20997,gulambasir nagpuria,green star realty llc,https://www.greenstarrealty.biz/biz4sell/
28362,jeannie randolph,brio brokers group,https://www.briobrokers.com/listings
46287,matthew gorman,district business brokers,https://districtbusinessbrokers.com/listings
40855,jeffrey trent,prodigy business brokers,https://us.businessesforsale.com/us/agents/prodigy-business-brokers
42675,carlos cardenas,tcg business brokers,https://www.tcgbusiness.com/featured-listings
34579,sam tanner,the entrusted group,https://www.theentrustedgroup.com/businesses-for-sale.html
13889,dean vacheresse (vash-er-es),dean vacheresse brokerage,https://www.vachergroup.com/buybizsell/
41775,linda wagner,gateway consulting group llc,https://gatewayconsultinggroup.com/current-opportunities
17714,tina wiltsey-trevizo,"wiltsey & associates, inc.",https://wiltseybars.com/listings/?term=4&orderby=menu_order&order=asc
27465,paul mcnally,central florida business brokerage,https://cfbb.biz/our-featured-listings/
33848,steve alexander,abbex inc,https://abbexinc.com/businesses-for-sale/
19780,larry brusacoram,"aba advisors, llc",https://acctsales.com/practices-for-sale/
46344,darin jerger,"aegis investment group, llc",https://www.aegisbuysell.com/premier-listings
89,country business inc.,"country business, inc.",https://www.countrybusiness.net/currentopportunities
22652,j jensen,jensmart,https://jensmartconsulting.com/franchises.asp
884,liberty exchange.com various brokers,libertyexchange.com network,https://libertyexchange.com/businesses-for-sale/
34845,"steve santens -- abi, cbi, sva,",montana 406 business brokers inc,https://montana406businessbrokers.com/businesses-for-sale/
3317,sy sebastianelli,sy sebastianelli & associates,https://broker.businessmart.com/scrantonbusinessbrokers?owner=1
59,"ed settino, broker associate","new hampshire business sales, inc.",https://nhbizsales.com/businesses-for-sale/
10708,"route brokers®, inc.","route brokers, inc.",https://www.routebrokers.com/routes-for-sale
45376,"diane ho, cbb",sellbuybrokers corporation,https://sellbuybrokers.com/listings/
30659,fnbc florida llc dba the business broker experts,the business broker experts,https://www.thebusinessbrokerexperts.com/buy-a-business
27749,marlene sundquist behlman,the torch team,https://thetorchteam.com/buy-a-business/
39923,andy kumar,united business brokers,https://ubbusa.com/city-neighborhood-street
34330,yorixela hurtado-gentile,bfs realty group inc,https://bfsglobalgroup.com/en/business-for-sale/
5506,jeffrey shelly,onesource business solutions llc,https://onesbs.com/businesses-for-sale/
2066,"jeffery e. merry, sr., mba, j.d.",the business house inc.,https://thebusinesshouseinc.com/businesses-for-sale/
39431,jason hubler,"ess business services, llc",https://ess-business.com/businesses-for-sale/
41630,michelle regner,business brokers of utah,https://businessbrokersofutah.com/businesses-for-sale/
692,"cris maragos, cbi, cbb, lifetime cbi",tm business brokers,https://tmbusinessbrokers.com/listings
14923,rebecca walker-jones,old inc business brokers,https://oldincsellsbusinesses.com/current-business-for-sale/
6612,gregory dicristina,"chase group business brokers, inc",https://chasegroup.us/listings/
36609,jason savedoff,filament business advisors,https://filamentbusinessadvisors.com/businesses-for-sale/
23523,fred beck,fred beck & associates llc,http://www.fredjbeck.com/business.html
34819,randy shurbet,isellrestaurantsandbars.com,https://www.isellrestaurantsandbars.com/listings
2983,"john vassiliades, designated managing broker",j. vassiliades & company,https://laundry-broker.myshopify.com/collections/coming-soon
28630,richard jackim,jackim woods & co.,https://www.jackimwoods.com/active-engagements/
20141,"curtis cochran ph.d., d.m., m.sc., mba, pbc",cochran consulting llc,https://www.ccochranconsulting.com/business-listings-1.html
40600,carolyn ryan,main ascent | business brokers & advisors,https://mainascent.com/businesses-for-sale/
24102,sam mozeb,access commercial & business brokers,https://accesscommercial.com/listings/for-sale/
5681,john oberg,allen & young business brokerage,https://www.allenandyoung.com/businesses-for-sale/
43664,tim petrou,"blue shark realty group, inc.",https://www.bluesharkrealty.com/business-listings/
2758,michelle webster,"business brokerage & finance, llc",http://bbfbrokers.com/all%20listings.html
41067,yazan ibrahim,first american brokers,https://firstamericanbrokers.com/listings
5347,gerry houlihan,houlihan business brokers inc.,https://houlihanbusinessbrokers.net/current-listings/
24723,tim dalton,integra business brokers,https://integrabrokers.com/businessesforsale/
17635,mike riccardi,m. riccardi agency inc.,https://riccardiagency.com/business/
20300,brian naab,naab consulting,https://www.naabconsulting.com/practices-for-sale/
41195,michelle jones,oregon restaurant realty,https://oregonrestaurantrealty.com/restaurant-listings-2/
5662,peter j. poulopoulos,realpoul realty,https://realpoul.com/businesses-for-sale/
35578,scott sogard,sogard properties,http://www.sogardproperties.com/restaurants.html
13721,"dana p. cole, cbi, cbb",sound business brokers of arizona,https://tucsonbusinessbroker.com/businesses-for-sale
34447,stillwell rx,stillwell rx,https://stillwellrx.com/listing/businesses-for-sale/
8337,valori mejia,desert business brokers,https://www.desertbusinessbrokers.com/index.php/listings
6259,robert mitchell,premium mergers & acquisitions,https://premiummergers.com/businesses-for-sale/
36662,joshua carnes,lion business advisors ltd.,https://lionbusinessbrokers.com/business-for-sale/
30076,steve ramsthel,steve ramsthel,https://sellmydeliveryroutes.com/buy-routes/
12500,arif sealey,sealey business brokers,https://www.sealeybb.com/routes-for-sale
22615,"jeff cbi, cm&ap",emerald coast business intermediaries,https://www.ecbrokers.com/listings-for-sale/
44420,international business & franchise advisors,ibf advisors,https://ibfadvisors.com/category/listings/
38807,johnnie shamoun,johnnie shamoun,https://sbboca.com/businesses-for-sale/
45939,russell kitzberger,kw commercial & business brokerage group seven hills realty,https://www.crebbgroup.com/business-brokerage-listings
2557,richard s. burgess,priority business acquisitions inc.,https://pbabroker.com/listings/
6472,michael greene,sam goldenberg & associates,https://samgoldenberg.com/business-listings/
17418,alex vantarakis,the vant group,https://www.thevantgroup.com/businesses-for-sale/
35339,"chris springfield, cbi, cm&aa, pmp","springfield strategies, llc",https://springfieldstrategies.com/businesses-for-sale
3177,cecil e. martin,access business advisors,https://accessbusinessadvisors.com/greenville-sc/view-all-listings/
27726,david enos,amd business brokers,https://amdbizbrokers.com/current-listings/
3758,daniel puciato,"atlantic business brokerage, inc.",https://www.atlanticbusinessbrokerage.com/listings/
23200,"dr.denis burke, dba mba",business broker world,https://www.businessbrokerworld.com/listings/
44921,david lane,david lane brokerage,https://burrtemkin.com/listings/
2750,davidson business investments,davidson business investments inc.,http://www.godbi.com/Business-for-sale.html
13988,kara gibson brzytwa,exit equity llc,https://exitequity.com/listing_status/current/
23998,hank beresin,"first street business brokers, llc",https://www.firststreetbusinessbrokers.com/opportunities/
819,joe howard,kingsley group business brokers,https://www.kingsleybrokers.com/current-listings
23929,charles papadopoulos,"papadopoulos properties, inc.",https://www.papadop.com/listings
40323,douglas shaw,peach state business brokers and advisors,https://peachstatebba.com/listings-2/
13191,daniel lannon rph,pharmacy consulting broker services,https://www.pharmacycbs.com/pharmacies-for-sale
942,primesite business brokers,primesite business brokers,https://primesitebusiness.com/listings/
31687,"michelle seiler tucker m&ami, csba, cbb",seiler tucker incorporated,https://seilertucker.com/buy-a-business/for-sale/
3190,scot cockroft,sigma mergers & acquisitions llc.,https://sigmamergers.com/businesses-for-sale/
21813,helena loelius,sitar realty company tcn worldwide,https://sitarcompany.com/listings/
20854,"orlando rivera, j.d.",aspira business brokers & advisors,https://aspirabrokers.com/listings-bbs/
42035,allen faradineh,pacific merger group,https://www.pacificmergergroup.com/business-for-sale-listings
19640,alexander neyman,sro164400,https://cabi.coloradobusinesses.com/california/pasadena/other-service-business-assets-for-sale/
24153,"brian s. mazar, mba, cbi",american fortune business sale-business broker services,https://www.fortunebta.com/businesses-for-sale/
6596,will ferguson,baltimore washington business brokerage,https://bwbrokerage.com/businesses-for-sale
37879,wilson archer,"business resource, llc",https://businessresource.com/businesses-for-sale/
34085,bill grunau,pacific business brokers,"https://www.pbsbrokers.com/businesses/?_sft_status=for-sale,escrow,in-contract"
44847,scott beaton,sellingrestaurants,https://sellingrestaurants.com/buy-a-restaurant.html
20604,jeff hofflander,advantage business brokers,https://advantagebusinessbrokers.com/businesses-for-sale/
17520,"tim cunha, j.d.",an evergreengold business broker,https://evergreengold.com/business-for-sale-listings/
48013,james mcgeehan,ensure capital,https://ensurebb.com/businesses-for-sale-georgia
46745,chris gordon,atlas business brokers,https://atlasbrokers.net/businesses-for-sale/
18255,dennis hansmann,american business acquisitions inc.,https://abausa.com/businesses-for-sale/
25682,"clint cm&ap, m&ami",bison business,https://bisonbusiness.com/marketplace/
2493,jorge couto,business exchange network,https://bizxnetwork.com/businesses-for-sale/
26680,adam armstrong,"capital route brokers, inc.",https://capitalroutesales.com/available-routes/
28691,shanna caravella,del lingco international business brokers,https://dellingco.com/businesses-for-sale/
34983,michael schnur,dirigo business group of maine,https://www.dirigobusinessgroup.com/listings
40833,andrew carney,endeavor business brokers,https://www.endeavorbusinessbrokers.com/buyers/businesses-for-sale/
23702,"randy hendershot, cbb",evolution advisors,https://evobizsales.com/businesses-for-sale/
17353,susan dang,excel laundry systems,https://www.bizben.com/sp/1667626
35059,pete castrichini,financial business brokers,https://www.massbizbrokers.com/businesses-for-sale.html
45118,adam marley,first choice business brokers kentucky,https://kentucky.fcbb.com/businesses-for-sale?sort=FeaturedLocalBusinesses&page=1
28821,david heinz,heinz business group,https://heinzbusinessgroup.com/listings/
33634,mark tzalka,https://expcommercial.com/,https://tsifranchisegroup.org/buy-a-business/
45296,grace thompson,linehaul solutions,https://www.linehaul.info/linehaul-runs-for-sale
12825,tyson vandervelde,nuvescor group,https://nuvescor.com/companies-for-sale/
32905,jeff chapman eisnaugle,business broker colorado,https://www.findbusinesssale.com/colorado-businesses-for-sale
43725,kevin murray,businesssellercenter.com,https://businesssellercenter.com/listings
19433,"joel f. duran, cm&aa, m&ami, cm&ap, cepa, cmsbb",duran advisors,https://duranadvisors.com/buying/businesses-for-sale/
35138,chris holzgraf,premier route consulting,https://sellmyroutes.com/interested-in-buying-fedex-routes
35358,joan loch,resource business brokerage,https://rbbnc.com/current-listings/
32164,john & eileen prudhont,"the business brokers, llc. in nv. & the business brokers, inc. in ca",https://www.thebusinessbrokersllc.com/business
11848,bud martin,"william martin & company, inc.",https://mandaconnect.com/companies-for-sale
40897,"gerard iii cbi, m&ami, cmap, bca mba/jd",shark team brokered by lpt realty,https://sharkteamflorida.com/businesses-for-sale/
7594,aaron muller,advantage commercial brokers,https://www.acbrokersinc.com/bussop-buybus.php
19192,central coast business brokers,central coast business brokers,https://ccbusinessbrokers.com/#9ef228c4-c4c1-4467-947c-47183abfa36a
42573,ben leonard,ecom brokers,https://www.ecombrokers.co.uk/all-listings
31335,john ovrom,exit consulting group,https://exitconsultinggroup.com/listings/
38492,christian alavi,green bridge advisors,https://greenbridgebrokers.com/listings/
22863,chris gerard,intermountain business brokers llc,https://intermountainbusinessbrokers.com/businesses-for-sale-2
16217,mia caetano johnson,johnson commercial properties; northeast campground brokers,https://necampgroundbrokers.com/listings/
4062,david hopper,kentuckybusinessbroker.com and tennessee,https://kentuckybusinessbroker.com/businesses-for-sale/
39323,dave britton,lobo business sales llc,https://lobobusinesssales.com/welcome
46051,dale chapman,the county guys real estate group,https://thecountyguys.com/listings/
40705,"tina zeng, mba, chinese speaking",zeal business brokers,https://zealbusinessbrokers.com/business-for-sale/
28203,erik wiese,wiese & associates,https://ewiese.com/listings2/
16037,jim aiello,aiello business brokers inc.,https://www.aiellobrokers.com/pcategory/businesses-for-sale/
41597,andrew mccrady,crest realty,https://crestrealtyutah.com/category/business-sale/
45488,chuck webber,cummins-setters commercial partners llc,https://cscpok.com/#our-listings
1330,elias e. ladon,"enterprise development resources, inc.",https://enterprisedr.com/for-sale
42292,lamar rutherford,excellens solutions,https://www.excellenssolutions.com/business-listings
17144,eric feldman,feldman brokerage and consulting,https://feldmanbrokerage.com/buy-a-laundromat.html
42704,jason sanders,first midwest advisors,https://firstmidwestadvisors.com/businesses-for-sale/
26351,shane massey,fitness club business broker,https://fitnessclubbusinessbroker.com/club-listings/
38329,david meier,meier business brokers llc,http://meierbusinessbrokers.com/cgi-bin/a-bus2ff.asp?forsale=go
39259,aaron kricher,"michigan business advisors, llc",https://mibusinessadvisors.com/current-listings/
42094,mike saedlo,mike saedlo,https://www.svbusinessbroker.com/business-listing/
35924,luke sawyer,millenia partners,https://millenia-partners.com/listings
25798,rod johnston,omni practice group,https://omni-pg.com/practices-for-sale/
45195,roschard paticchio-stein,penthouse advisors inc,https://penthouseadvisors.com/restaurants-for-sale-los-angeles-county/
3319,matt wochele,"preferred business brokers, inc.",https://preferredbrokers.com/listings/
39857,jerry pape,rba,https://www.resultsba.com/omaha-business-listings/?statuses=ACTIVE
43257,james shin,sk realty,https://businessforsaleinsandiego.com/businesses-for-sale#SearchAvailableBusinesses?sort=FeaturedLocalBusinesses&page=1
42418,david kendall,svn marinas,https://svnmarinas.com/marina-listings/
28328,jeff manera,tc business brokers,https://tcbusinessbrokers.com/featured-listings/
15141,michael norman,the cba group,https://thecbagroup.com/businesses-for-sale/
22288,"kwang chul ""kc"" whang",the w group commercial real estate,http://www.wgroupcommercial.com/18212.html
26631,david keene,united medcare capital,https://www.unitedmedcarecapital.com/home-health-agencies-for-sale/
23288,diana espino,xl business brokers llc,https://www.xlbusinessbrokers.com/buy-a-business/
45146,dominic serra,aria business advisors,https://aria.net/listings/
38405,michael korizno,atlantic business alliance,https://www.atlanticbizalliance.com/listings.html
16310,lauren drummond dale,coastal consultants llc,https://www.coastalconsult.org/businesses-for-sale/
793,lawrence moore,"gai: gibson and associates, inc.",https://gai.services/businesses-for-sale/
4989,tima bella baychorova,integrity business brokers,https://www.ibbfl.com/business-search/
13948,bill sivell,liberty business brokers of ontario,https://libertybusinessbrokersofontario.com/listings/
34799,brad ruth,glba business advisors brokered by exp commercial,https://glbainc.com/businesses-for-sale/
30904,paul evans,beehive buisness brokers,https://beehivebusinessbrokers.com/search/
31960,bill blau,"bill blau re &amp; business broker, inc",https://billblau.com/listings/
41334,seth r. blackburn,bridgeworth & associates,https://www.bridgeworthandassociates.com/buy-business#Businessesforsale
12492,stewart nance,cantrell-griffin business brokers,https://www.arkansasbusinessbrokers.com/business-listings
2308,marc williams,charleston business brokers,https://www.charlestonbusinessbrokers.com/businesses-for-sale/
33759,robin l. brower,coldwell banker commercial sfoc - cle,https://www.cbccle.com/our-ohio-listings
13794,ben sutterlin,corporate equity/ empire business,https://www.businessbrokerclevelandoh.com/businesses-currently-for-sale-cleveland-oh
16644,tony torella,excelsior business group llc,https://www.excelsiorbusinessgroup.com/business-for-sale.asp
39939,gil tatarsky,first choice business broker hudson valley,https://businessforsaleinhudsonvalley.com/businesses-for-sale?sort=FeaturedLocalBusinesses&page=1
44259,michael faust,first choice business brokers van nuys,https://vannuys.fcbb.com/businesses-for-sale
25487,jay shrewder,global business brokers llc,https://www.globalbizbkrs.com/businesses-for-sale
8730,frank fitzsimmons,pensacola business brokers,https://pensacolabusinessbrokers.com/business-for-sale-in-pensacola/
6463,roy mita,plymouth financial group,https://www.plymouthfinancialgroup.com/current-listings/
42740,kenny liu,realest group,https://realestgroup.com/active-business-listings
12494,joe marley,signature business group inc.,https://www.signaturebusinessgroup.com/businesses-for-sale/
12853,"brenda bernhard, cbb",strong business advisors,https://brendathebroker.com/businesscategory/businesses-for-sale
27054,doug barrett,transition business brokers,https://thetransitiongroup.biz/businesses-for-sale/
6569,tim overman,"watson commercial realty, inc.",https://watsoncommercial.com/business-for-sale
35275,john sosville,platform brokerage,https://platformbrokerage.com/businesses-for-sale/
26764,david a. richman,"richman business brokerage & insurance, llc",https://richmanbusiness.com/businesses-for-sale
46023,jeff hennessey,"the jennessey group, llc",https://www.jennessey.com/businesses-for-sale
45433,marty fahncke,"westbound road, llc",https://www.westboundroad.com/available-for-acquisition.html
40807,brad reeder,belize business brokers & advisors,https://belizebusinessbroker.com/buy-a-business/
46191,asim hirani,biz brothers llc,https://www.bizbrothers.net/listings
40437,jonathan barak,capital business solutions,https://capitalbbw.com/buy-a-business/business-opportunities-for-sale/
36467,george (marty) bombenger,emerald coast restaurant brokers & consultants,https://ecrestaurantbrokers.com/businesses-for-sale/
44220,michael nunnery,global business brokers & valuations inc,https://www.gbbvinc.com/businessesforsale
1748,dan replogle,midwest business brokers inc.,https://www.midwest-brokers.com/businesses-sale-listings/
39585,justin svetnicka,new mexico business brokers,https://www.newmexicobusinessbrokers.com/listings
27926,justin farmer,"private practice transitions, inc.",https://privatepracticetransitions.com/listings/
35577,michael ramatowski,"rambizgroup, llc",https://www.rambizgroup.com/how-to-buy-a-business-listings/
4180,nathan hughes,sperity real estate ventures,https://sperityventures.com/listings/
570,robert hedges,the robert hedges company,https://www.trhc.biz/listings.shtml?statuses=ACTIVE
21331,shaji george,trend atlanta realty,https://www.trendatlanta.com/3/Trend-Listings
34948,malcom hay,tri-county business brokers,https://tworld.ie/locations/tricounty/buy-a-business/active-business-listings/?s=submit&country=United%20States&state=New%20Jersey
19193,phil host,truforte business group,https://trufortebusinessgroup.com/florida-business-for-sale/
23273,john preston,wellstone group llc,https://wellstonegroup.net/business-search/
40379,arlene c. guerrero,xcllusive business sales,https://xcllusivebusinessbrokers.com/business-for-sale/
14450,anthony visconto,ajv consulting group,https://www.ajvconsultinggroup.com/for-sale
2606,keith lehmann,american business and commercial brokerage,https://bbms.biz/cgi-bin/a-bus2.asp?forsale=go
19639,joshua lindsey,american business brokers,https://americanbizbrokers.com/business-listings
43641,"rhett kniep, m&ami, cm&ap, cbi, cepa",centurion 7 business advisors,https://centurion7.com/business-opportunities/
42829,jeffrey jump,jump international business brokers,https://jumpinternationalbusinessbrokers.com/businesses-for-sale/
45873,lutz lehmann,magnus business group,https://magnusbusinessgroup.com/listings/
28216,dave cozzocrea,southeast business advisors,https://southeastbusinessadvisors.com/businesses-for-sale/
14959,ron stumpf,stumpf and company,https://www.stumpfandcompany.com/listings/
43119,brandy rumph,ameri-business brokers,https://ameri-business.com/businesses-for-sale/
45688,chase busenbark,first choice southeast,https://southeastmo.fcbb.com/businesses-for-sale?sort=FeaturedLocalBusinesses&page=1
25984,nikolai safonov,florida buy and sell,https://blog.invmagportal.com/en-businesses-for-sale
43001,james montesantos,joseph james business advisors,https://josephjamesba.com/listings/
26356,andrew rosenthal,lighthouse business brokers,https://lighthousebusinessbrokers.com/buy/
9596,jim magrogan,"macor associates, inc.",https://macorassociates.com/listings.php
37720,steve mueller,midway business brokerage,https://midwaybb.com/listings/
4493,richard veale,profiles international realty,https://www.profilesrealty.com/106/Business-Search
8016,nicholas orlov,"the orlov company, inc.",https://www.orlovcompany.com/Business-Listings.aspx
1285,michael lefkowitz,benjamin ross group,https://www.benjaminrossgroup.com/businesses-for-sale
45130,chelsea brown,the social's business,https://thesocialsbusiness.com/pages/businesses-for-sale
42785,"ryan hemmert, mba cpa",washington business brokers llc,https://wabusinessbrokers.com/businesses-for-sale/
43973,robert tucker,abilene acquisitions and valuation,https://abileneacquisitions.com/#bizlisting
43278,gus jadoun,ace realty group,https://acerealty.biz/listings/
24514,"thomas mcgovern, mba, cva",advantage brokerage,https://www.advantagebrokerage.com/businesses-for-sale/
1037,all trades global,all trades global,https://alltradesglobal.com/businesses-for-sale/
36650,mark gore,"american business investors, inc.",https://abi-broker.com/indianapolis-businesses-for-sale/
39232,dale johnston,ascend business services,https://www.ascendadvisors.us/about-us/business-sale-listings/
15123,autocenter sales,"autocenter sales, inc.",https://autocenter-sales.com/current-listings/
44372,drew whelchel,"azul advisory, llc",https://azul-advisory.com/listings/
1087,c.j. (charlie) vlahos,blanket real estate,https://blanketre.com/listings/
31099,tj bunday - broker & franchise resales,"brooks pointe, corporation",https://brookspointe.com/our-listings/
3412,ginger dean,business acquisition & merger associates,https://www.buysellyourbusiness.com/current-engagements/buy-side
23801,john olness,business broker guru,https://bizbrokerguru.com/search-listings/
42601,"dick obendorf ma, ojt",bxb business brokers,https://bxbbrokers.com/home/listings/
42770,stocker travis,dbi business advisors,https://www.dbi-businessadvisors.com/businesses/
11134,elite business investments corp.,elite business investments corp.,https://elite-biz.com/laundromats-for-sale/
39499,kevin robertson,first choice business brokers denver,https://businessforsaleindenver.com/businesses-for-sale
35151,george giles,"intemedior business advisors, llc",https://intemedior.com/our-business-listings/
5248,bob langner,langner management,https://langnermanagement.com/businesses-for-sale/
26152,frank p. d'annunzio,laundry brokers,https://www.lbrokers.com/coin-laundry-stores-for-sale/new-stores-for-sale
18399,josh saunders,maine business brokers,https://www.mainebusinessbrokers.com/businesses-for-sale
3635,wendell brandt,marketpoint advisors,https://www.marketpointadvisors.com/businesses-for-sale/
39270,john marsh,marsh creek advisors,https://www.mcreek.com/businesses-for-sale/
33224,minnesota resort sales,minnesota resort sales,https://www.mnresortsalesnorth.com/index.php#listings
12995,arthur williams,morgan & westfield,https://morganandwestfield.com/buy/businesses-for-sale/
34748,craig nedrow,nedrow business advisors,https://nedrowba.com/nba-current-listings/
24956,daren henson,patriot mergers & acquisitions,https://patriotmanda.com/businesses-for-sale/
42299,gus otaki,petroleum realty,https://www.petroleumrealty.net/listings.html
1956,"premier sales, inc. diane t. thomas pllc, d.b.",premier sales,https://www.premiersalesaz.com/businesses_for_sale.php
32682,brad ellison,pro asset advisors,https://www.proassetadvisors.com/listings
44902,stuart schlosser,sellingrestaurants.com.,https://www.sellingrestaurants.com/restaurant-type/for-sale
42245,mark travis,"skylight intermediaries, llc.",https://skylightintermediaries.com/SI/ip-offerings-2/
4655,sun acquisitions,sun acquisitions,https://sunacquisitions.com/featured-business-listings/
1685,donald barrick,the baf group llc,https://bafgroup.com/listings.html
6767,james d. (jim) orum,the lone star consultancy,https://thelonestarconsultancy.com/businesses-for-sale/
44033,carl schweiger,trilogy realty specialists,https://www.trilogyrs.com/businesses-for-sale
3304,bradley g. marlor,utah business consultants,https://ubcutah.com/business-listings/?_filters=available%2Csold
13890,michael chapman,"business transitions, llc",https://www.buythrivesell.com/bt_op.html
44198,ryan parshall,exit mergers & acquisitions,https://www.exitmergers.com/our-listings
33341,ken galecki,exit360 business brokers,https://www.exit360brokers.com/portfolio
38297,dana jennings,leading edge business brokers,https://www.leadingedgebrokers.com/businesses-for-sale/
45933,joshua powers,loyalty business brokers,https://loyaltybusinessbrokers.com/all-listings/
37407,bob crandall,"bc business brokers, inc.",https://bcbusinessbroker.ca/businesses-for-sale/
22813,clara mair,cm commercial real estate inc,https://www.cmcommercialinc.com/listings
31969,wayne elam,commercial realty solutions,https://crs-mn.com/businesses/
25148,noel ezekiel,ezekiel & associates inc.,https://www.ezekielinc.com/purchase2.htm
7977,g3 brokers,g3 brokers llc,https://www.g3brokers.com/our-listings
33066,carey manders,glass city partners,http://www.glasscitypartners.com/available-listings.html
17417,tom caltrider,hawaii business sales,https://www.hawaiibusinesssales.com/portfolio
110,bruce raw - will ogrady - mike russo,"hilton head business brokers, inc",https://hhbusinessbroker.com/current-business-offerings.html
40769,bill bromley,ibb-investment business brokerage,https://ibbdallas.com/businesses-for-sale/
20010,doug neufeld,neufeld business brokers,https://gottesman-company.com/opportunities/grid/
28697,jethro hopkins,no coast business advisors llc,http://nocoastbusinessadvisors.com/search-results/?#bbcrm-listings-searchresults
40958,jeffrey weiner,page olson,https://048a144.netsolhost.com/business-listings/
36380,"gregg kunz, cbi, m&ami",rocky mountian business advisors,https://rockymountainba.com/buy-a-business/
45721,kyle robeson,accel exit advisors,https://accelexit.com/listings/
3334,vince basso,"basso associates, llc",http://www.bassoassociates.com/listings.htm
3991,robert howells,business brokers of san antonio,https://bbofsa.com/business-listing/
14268,r. everett roff,california business exchange,https://www.calbizx.com/businessesforsale
26674,mark knopic,carolina business alliance,https://carolinabusinessalliance.com/for-sale/
26460,ken johnson,coast business brokerage,https://coastbusinessbrokerage.com/businesses-for-sale/
998,"lawrence (larry) schumann, cbi",corporate investment,https://corpinvest.com/austin-tx-businesses-for-sale/
14240,andrew cross,cross northwest inc.,https://crossnw.com/businesses-for-sale/
6367,julie williams,dawson commercial brokers,https://dawsoncommercialbrokers.com/property/for-sale/business/
16839,george varughese,dfw business consultants,https://www.dfwbc.com/listing.php
8962,satwant singh,"doaba brokers, llc",https://www.doababrokers.com/listings
45319,mike fisher,fisher business brokers,https://www.fishergroup.co/businesslistings
17385,peter harris,florida international realty group inc,https://bbfmls.com/businesses-for-sale/
19272,alan steinberg,"gulfstream realty services, inc",http://gulfstreamrealty.biz/cgi-bin/a-bus2ff.asp?forsale=go
8231,peter robinson,hudson robinson business brokerage,https://www.hudsonrobinson.com/business-search
1121,"david ccim, cbb",kellenberger & associates,https://biz2buy.net/business-listings-1
19453,ricardo quintero,makro investment (brokerbusiness.biz),https://brokerbusiness.biz/
3175,terry doyle,metro business brokers inc.,https://metrocbb.com/listings
17581,"mike lohbeck, cbi","mgl business solutions, llc.",https://mglbusinesssolutions.com/businesses-for-sale/
18984,"jeffery baxter, m&ami, cbi, cm&ap",midstreet mergers & acquisitions,https://www.midstreet.com/businesses-for-sale
16760,jb mason,okeeffe & omalley inc.,https://www.ok-om.com/businesses-for-sale/
43262,azker cader,omnium mergers and aquisitions,https://omniumbusiness.com/for-sale/
15318,teija heikkila,"pet vet m&a, sales & advisory",https://www.petvetsales.com/listings/
41274,jason brown,pgp advisory,https://www.pgpadvisory.com/businesses-for-sale/
43152,rick piper,"piper group international, llc",http://www.pgillc.com/index.php/currentofferings
1072,daniel p. haggerty,pmj group llc,https://pmjmergers.com/category/business-listings/
16424,todd moore,premier business opportunities,https://www.premierbizgroup.com/buy
32630,chris forrest,robbinex,https://www.robbinex.com/buying-a-business/
873,fred m. mehring,"select business group, inc.",https://selectbg.com/listings/
46004,benjamin bogan,stoneridge partners,https://www.stoneridgepartners.com/search-listings-2/?q=
516,james a. eshleman,strategic endeavors llc,https://www.strategicendeavors.com/businesses-for-sale.php
29261,gil sanchez,"tempus business strategists, llc",https://www.tempusbusiness.com/search-businesses-for-sale/search-florida-business-for-sale/
2199,"william a. doyle, esq.",the bridlebrook group,https://www.bridlebrookgroup.com/buy-a-business/
41964,beat stauble,"the ventura group of florida, inc.",https://venturaflorida.com/businesses-for-sale/
42525,gordie gerbrandt,tim lamb group,https://timlambgroup.com/dealerships-for-sale
3889,"richard schammel, cbb",venture advisors business sales & acquisitions,https://ventureadvisors.net/businesses-for-sale
42935,eric suh,"young star realty, llc",https://www.youngstarrealty.com/idx/listings/businesses/
8491,john zoellner,zoellner garten & company,https://www.zoellnergarten.com/businesses-for-sale/
37598,jeff balch,crestone business group,https://www.crestonebusinessgroup.com/#listings
23557,clarence griggs,griggs business brokers,https://www.griggsbusinessbrokers.com/featured-listings/
27354,james tiffin,"turning point advisors, llc",https://turningpointadvisorsllc.com/businesses-for-sale/
3885,h.l. bud werner,golden gate business advisors,https://www.ggbusinessadvisors.com/current-listings/
40749,bruno barnagaud,shoreast realty,https://shoreastbusiness.com/our-listings/
144,buddy carp,"squizzero, carp & associates",https://www.squizzero.com/businesses-for-sale/
38519,tom smith,transaction advisors,https://www.transactionadvisors.co/business-for-sale/
6953,mani singh,tnw business brokers,https://tnwbusinessbrokers.com/listings
39556,carrie duvall,1st & main partners,https://www.isellyour.biz/copy-of-featured-listings
44250,georg von greiff,abalaris business ventures,https://abalventures.com/search-business-for-sale/
23654,"richard roberts, cbi/abi/sva",aegis business brokers,https://aegisbusinessbrokers.com/businesses-for-sale.htm
24103,david didion,american gym trader,https://americangymtrader.com/#sb
76,jim beggs,"becker & beggs, ltd.",http://www.beckerbeggs.com/businesses-for-sale/
4150,marcia r. conley,bib group,https://bibgroup.net/buy/
1508,matt coyne,brandywine mergers & acquisitions,https://www.bma1.com/business-listing/
46069,mordecai evans,"business acquisition advisors, llc.",https://baallc.biz/business-listings/
15729,heather krebs 801-201-6866,business sales group,https://www.bsalesgroup.com/mergers-and-acquisitions-businesses-for-sale
25143,david kueker,business transfer specialists,https://www.biztsfr.com/listings
39886,wes brown,california business sales,https://californiabizsales.com/businesses-for-sale/
2524,jennifer sokol,"cole & company, inc.",https://colepartners.net/businesses-for-sale/
14369,fred grimm,"commercial & industrial consultants, inc.",https://commercialindustrialconsultants.com/business-listings
25663,lauren zenk,cornerstone business partners,https://www.cornerstonebusinesspartners.com/business-for-sale
43344,christopher goebel,crossroads advisers,https://crossroadsadvisers.com/brokerage/#business-for-sale
28259,leonard seiple,dallas business realty,https://dallasbusinessrealty.com/wp/current-listings/
43733,michael touey,franprise advisors,https://franpriseadvisors.com/businesses-for-sale/
41617,james walter,ja walter inc,https://www.jawalter.com/businesses-for-sale/
41225,carl bosse,maveno advisors,https://mavenoadvisors.com/businesses-for-sale/
46187,todd hutchinson,mdr & associates,https://mdrma.com/companies-for-sale/
20349,david greene,medical practice brokers llc,https://practicebrokers.com/practices-for-sale/
43041,michael mcgrath,mgm homecare,https://homecarebuysell.com/opportunities/
37857,nick fares,neo business advisors,https://neobusinessadvisors.com/businesses-for-sale/
37087,gary burden,ohio valley business advisors,https://ovballc.com/businesses-for-sale/
947,mark montag,petroleum marketers service inc.,https://petromark.biz/businesses-for-sale/
27702,andrew rogerson,rogerson business services,https://www.rogersonbusinessservices.com/services/buying-your-business/business-for-sale/
2890,karl grasemann,"the grasemann group, ltd.",https://www.grasemanngroup.com/listings-businesses-for-sale
37377,van daughtry,"van daughtry consulting, llc",https://www.vdconsulting.com/business-listings/
19567,matthew cohen,west coast business brokers,https://westcoastbusinessbrokers.com/listings/
42793,norman pearce,cal business advisors,https://www.californiabusinessadvisors.com/listings
45733,natalie kessler,first choice business brokers of nw florida,https://panamacitybeach.fcbb.com/businesses-for-sale?sort=FeaturedLocalBusinesses&page=1
16500,don blouch,landmark commercial ltd,https://www.landmark-commercial.com/business_for_sale.html
27136,joseph shemansky mcbi m&ami cm&ap,we sell construction businesses,https://wesellconstructionbusinesses.com/buy/active-listing
46620,bethany maclean,"cynergy consulting services, inc.",https://cynergycsi.com/medical-practices-for-sale/
2786,brent bressler,bressler ventures lp,https://bizacqplus.com/our-listings
5051,bob karlis,cabot business brokers,https://www.cabotbb.com/businesses-for-sale
29407,dave kaverman,acuity mergers + acquisitions,https://www.acuityma.com/business-for-sale/
22529,"charles magoffin, cbb","alliant business investments, llc",https://alliantbizinv.com/listings
46105,reed greer,ana brokers,https://anabrokers.com/businesses-for-sale/
28078,stew gilgis,atlas-way group,https://atlas-way.com/listing-of-opportunites.html
27692,"todd jackson, jd/mba, cbi, cepa","beacon exit advisors, inc.",https://beaconexit.com/businesses-for-sale/
36655,michael ambrose,best laundry brokers,https://bestlaundrybrokers.com/laundries-for-sale/
39501,jeff games,blue stone business group,https://us.businessesforsale.com/us/agents/blue-stone-business-group
43647,john berlingieri,bridge business brokers,https://bridgebusinessbrokers.ca/broker-services/businesses-for-sale/
44325,thomas puffenberger ii,business network of ohio llc,https://www.businessnetworkohio.com/featured-listings
2472,"eric williams, mba",codiligent llc,https://www.codiligent.com/business-listings
46470,k'ehleyr james,crimson cardinal realty llc,https://www.cchealthcareintermediary.com/listings
39563,savas ozuolmez,ct restaurant brokers,https://www.ctrestaurantbrokers.com/
31577,michael nolan,empire business brokers inc.,https://www.empirebizbroker.com/businesses-for-sale
45099,medi hashemi,evergreen broker,https://evergreenbroker.com/cannabis-business-for-sale-listings-map/?&wmvc_view_type=list&order_by=field_6_NUMBER%20ASC#wdk_map_results
43805,erin pulito,field business advisors,https://fieldbusinessadvisors.com/?s=&post_type=listing&types=&price=&state=
24247,george metos,george metos,https://www.businessbrokergeorge.com/listings/
17891,matt slappey,georgia association of business brokers,https://gabb.org/businesses-for-sale/
502,rolf danryd,"griffin business brokers, inc.",https://griffinbusinessbrokers.com/businesses-for-sale/
28005,lawrie hollingsworth,"hollingsworth business consultants, llc",https://www.hollbizco.com/businesses-for-sale
33468,george huffman,iw business brokers,http://iwbusbrokers.com/listings/
4705,pravin pattni,kelly real estate group,https://www.bizquest.com/business-broker/kelly-right-real-estate/moe-yousefi/BW44661/
3222,dave richards,keystone business advisors,https://keystonebusinessadvisors.com/businesses-for-sale/
17449,jim handler,lvcbs,http://www.lvcbs.com/os/search-our-listings/
15828,david driscoll,metro business advisors,https://metrobusinessadvisors.com/business-for-sale/
18405,glen toadvine,"midwest business advisors, llc",https://www.mwbusinessadvisors.com/businesses-for-sale-1
19185,steve kim,newstar realty,http://newstarrealtyny.com/search-business-properties/
34643,jeff dousharm,no coast business advisors,http://nocoastbusinessadvisors.com/search-results/?
34123,patrick bice,"northwest business sales and certified appraisals, llc",https://nwbusinesssalesandappraisals.com/businesses-for-sale/
27565,sandi wolf,osborne homecare group,https://osbornehomecare.com/opportunities/
22101,david wilcox,"rbomn - restaurant brokers of minnesota, inc.",https://restaurantsforsale.com/
34177,wayne bullis,"rich-biz brokers & advisors, llc",https://richbizbrokers.com/listings/
28031,margot murphy,sage advisory group,https://www.sageadvisors.biz/businesses-for-sale
34393,george ash,simply marinas,https://www.simplymarinas.com/marinas-for-sale/
1939,michael k. mathews,success business services,https://sharpbizbrokers.com/for-sale/
11264,lee leney,texas area business source,https://www.texasbusinesssource.com/searchsellers.html
44317,linda campbell,the barnett capital group,https://barnettcapitalgroup.com/businesses-for-sale/
23842,brent freeman,the cbb group,https://www.thecbbgroup.com/active-listings
23888,philip marshall,the jordie lee company,https://www.bizquest.com/business-broker/the-jordie-lee-company/michael-hall/BW9930/
25531,merri cronk,tylas venture group llc,https://tylasvg.com/businesses-for-sale/
41813,raavi sravan,urban business brokers,https://urbanbusinessbrokers.com/listing.html
32001,bruce baird,"us route sales, inc.",https://www.usroutesales.com/listings/
34694,"brad coffman, cbi, cm&ap",valorem business brokers,https://valorembrokers.com/businesses-for-sale/
39685,jamison rounds,value visor business sales and real estate,https://valuevisor.com/businesses-for-sale/
39307,dj waddell,waddell mergers & acquisitions,https://waddellmergers.com/search-for-businesses-for-sale/
46567,john goodish,elite equity business brokers,https://eebb.ca/listings
46565,darren nguyen,bisbroker,https://bisbroker.com/bbs-listings/
47278,rocko bell,business lynx international,https://www.businesslynx.com/business-sales
47164,dale brunelle,first choice business brokers - raleigh durham,https://thetriangle.fcbb.com/businesses-for-sale
47944,jim young,first source business brokers,https://firstsourcebb.com/#buy
46648,terri breindel,happy valley business brokers,https://happyvalleybrokers.com/current-listings/
49913,steve mcconaghy,first choice business brokers columbus,https://columbus.fcbb.com/businesses-for-sale
50184,dave raleigh,first choice business brokers - west charlotte,https://westcharlotte.fcbb.com/businesses-for-sale
47684,josh rosenwald,anchor business advisors,https://anchorba.com/listings/
49200,travis webb,panhandle business brokers,https://panhandlebrokers.com/
1086,"matt coletta, lcbb, lcbi, m&ami",m&a business advisors,https://mabusinessadvisors.com/businesses-for-sale/
49329,shari mcguire,bizbroker+ / realty one group choice,https://www.bizbrokerplus.com/businessforsale/
49239,"liquor license sales pa-nj, llc","liquor license sales pa-nj, llc.",https://www.liquorlicensepanj.com/featured-listings/
46649,g e o buy sell restaurants gastronomy estates organization,geo,https://buysellgeo.com/listings/
49571,mitch mcginley,boutique fitness broker,https://boutiquefitnessbroker.com/businesses-for-sale
46837,cam iwasa,pdf development llc,https://www.pdf-usa.com/for-sale
49484,yasmine acebo,bridge point brokers,https://bridgepointbrokers.com/building-and-construction/
48084,clifford bramble,sellmorerestaurants.com,https://www.sellmorerestaurants.com/restaurants-for-sale.html
46801,katrina faber,gile business brokerage team,https://www.gilecre.com/business-brokerage-active-listings
47313,david berman,tower business brokers inc,https://towerbusinessbrokers.com/#BusinessForSale
47302,deborah byon,deborah byon investment realty,https://www.bizben.com/sp/1687812
50107,mike goldstein,keate partners,https://www.keatepartners.com/business-listings/
47971,shannon mcnichol,nichol city business brokers,https://www.nicholcitybusinessbrokers.com/listings.html
48427,2782761 inc.,ontario commercial group,https://www.ontario-commercial.com/businesses-for-sale/
48718,victoria collier,quid pro quo law,https://quidproquolaw.com/law-firm-listing/
49834,caroline harabedian,re-search concept,https://listyourhomesocal.com/business-for-sale
49443,team unbroker,unbroker,https://unbroker.com/businesses-for-sale/
50100,justin gaspari,coastal business advisors,https://coastaladvisors.ca/listings/
49733,adriana cowart,chisca group,https://www.chiscagroup.com/businesses-for-sale/
48522,matt evans,vestiary sales and consulting,https://businessesforsale.nebba.com/texas/bulverde/landscaping-and-yard-service-businesses-for-sale/
47792,kevin layton,apex business advisors,https://www.kcapex.com/business-listings/?status=active
49505,terry mcdonald,first choice business brokers colorado springs,https://thesprings.fcbb.com/businesses-for-sale?sort=FeaturedLocalBusinesses&page=1
46757,edward laub,"legacy advisors, llc/ keller williams commercial",https://legacyadvisors.info/listings-1
48867,daniel vasconcelos,first choice business brokers - lake nona,https://lakenona.fcbb.com/businesses-for-sale?location=Florida&sort=FeaturedLocalBusinesses&page=1
49040,danilo aquino,florida connexion business brokers,https://floridaconnexionbusiness.com/buy/featured-businesses-for-sale/
48376,jesse wallace,llg business brokers,https://businessbrokersllg.com/listings
48639,bob van vleet,marlin group,https://www.marlingroup.com/restaurants-for-sale-portland/
49644,pedro rojas,platano advisors,https://platanoadvisors.com/activelistingns-page
47091,scott blackwood,vista business group,https://vistabusinessexchange.com/listings
47922,todd smith,corbett business sales and acquisitions,https://corbettbusinessgroup.com/listings/
49204,brian sauvageau,first choice business brokers chicago west,https://chicagowest.fcbb.com/businesses-for-sale
47731,danny tuggle,laundry buyers llc,https://laundrybuyers.com/listings/
#N/A,jimmy yoon,team sprit real estate,https://www.teamspiritrealty.com/business-opportunities
46624,jean-philippe truchement,"mergent business brokers, llc",https://mergentbb.com/featured-listing/
47078,yvette criner,texas business for sale l.l.c.,https://txbusinesses4sale.com/listings-for-sale
49198,karina digiuni,interbloom group,https://www.interbloomgroup.com/business-listings/
49941,athari advisors,athari advisors,https://athariadvisors.com/listings-1997
49441,randy woodruff,bridge point business brokers,https://bridgepointbusinessbroker.com/business-listings/
49057,george st pierre,"contango investments, inc.",https://contangoinvestments.com/businesses-for-sale/
48246,abhimanyu bhalla,corporate business brokers,https://cbb-tristate.com/web/business
46490,mike chapin,first class business sales,https://firstclassgroup.myrealestateplatform.com/business-sales/
50064,steven ducharme,gulf coast business acquisitions & sales,https://www.gulfcoastbas.com/listings
47760,jordan copertino,juels business intermediary's,https://listings.bizequity.com/south-carolina/horry-county/other-wholesalers-and-distributors-for-sale/
49602,murali barathi,krea business,https://kreabusiness.com/businessforsale/
46939,dean jones,mass business brokers / tax force,https://www.tax-force.com/buy-a-business
49596,richard gadberry,three oaks advisory services,https://threeoaksbrokerage.com/listing-2/
49157,ahmed rana,usa business brokerage,https://www.businessbroker.net/listings/bfs_result.aspx?By=AdvancedSearch&r_id=33&ind_id=0&ask_price_l=&ask_price_h=&map_id=12&lcity=true&keyword=&lst_no=&time=0&bprice=0&fresale=0&ownerfi=0&county_id=0
49122,forge business brokerage,forge business brokerage,https://www.forgebb.com/listings
48129,robyn knox,robyn knox business broker & advisor,https://robynknox.co/businesses/
49263,scott todd,todd business solutions of the carolinas,https://toddbusinesssolutions.com/listings/
48568,jonathan vance,brubaker advisors,https://brubakeradvisors.com/listings
50090,steve smith,dental 360 advisors,https://dental360advisors.com/listings
49609,don taylor,foresight business brokers,https://foresightbusinessbrokers.com/businesses-for-sale/
47346,john gleason,genuine business advisors,https://www.genuinebusinessadvisors.com/listings/
49089,daniel diaz,"midtown realty international, inc,",https://buygasstations.com/for-sale-business-only
48984,joe hochman,northwest business brokers llc,https://nwbusinessbrokers.com/businesses-for-sale/
48226,h. paul lawrence,"pinnacle partner services, llc",https://pinnaclepartnerservice.com/routes-for-sale
48646,vlad rascanu,the friendly brokers,https://thefriendlybrokers.com/businesses-for-sale/
49839,michael curtin,winter park capital mb,https://wpbizbrokers.com/buy-a-business/#all-business-list
50048,michael thomas,first choice business brokers - northeast ohio,https://fcbb.com/listing-property/construction-northeast-ohio-profitable-established-mold-remediation-construction-business-241-24182#
49300,mark vanderwal,invictus,https://invictusweb.net/opportunities/
48526,rory mcdermott,mg business brokers,https://www.mgbb-nc.com/businesses-for-sale
47230,roger pinnix,"new generation realty & investments, inc.",https://childcaredirect.com/current-offerings/
49946,simon leibovich,troy business advisers llc,https://www.troyba.com/buy-a-business/
TW-NATL,Transworld Business Advisors,Transworld Business Advisors (National),https://www.tworld.com/buy-a-business/business-listing-search
SB-NATL,Sunbelt Business Brokers,Sunbelt Business Brokers (National),https://www.sunbeltnetwork.com/business-search/business-results/
MURPHY-NATL,Murphy Business,Murphy Business (National),https://www.murphybusiness.com/businesses-for-sale/
FAUSTO,markos bertolotti,fausto commercial realty,https://faustocommercial.com/inventory/
HUGHES,robert hughes,hughes properties inc.,https://hughesproperties.com/
GIVINGTREE,sinclair kim,giving tree realty,https://www.givingtreerealty.com/listings/
VRBIZ,vr business brokers,vr business brokers,https://bizbizbiz.com/
HSC,dan mcguire,hospitality services corp.,https://www.hscbrokers.com/property-listings/
EQUITY55,raj s shergill,equity 55,https://www.equity55.com/
RIVER,kavita purohit,river brokers,https://riverbrokers.com/commercial-listings/
CHOIJINA,jina obrien,professional realty group,https://choijina.com/index.php/our-properties/
BIGSTAR,charles kim,big star realty,https://www.bigstarrealty.net/
