domain,company,status,note
unitedbusinessbank.com,ubb,no_listings_page,human-verified by Sanny: Not a business listing page
benchmarkcorporate.com,benchmark international,no_listings_page,human-verified by Sanny: CAN'T FIND LISTING PAGE
bizbrokersla.com,first choice business brokers la,dead,human-verified by Sanny: PAGE Unreachable
wdtcpa.com,william tippin,no_listings_page,human-verified by Sanny: Not a business listing page
attleerealty.com,"attlee realty, llc",no_listings_page,human-verified by Sanny: Can't find listing page
ecashflowacquisitions.com,ecashflow acquisitions,no_listings_page,human-verified by Sanny: CANT FIND
nashbb.com,"nashville business brokers, llc",no_listings_page,human-verified by Sanny: DUPLICATE
franchiseba.com,fba franchise resale ready,blocked,human-verified by Sanny: 403 Forbidden
petersonacquisitions.com,peterson acquisition,no_listings_page,human-verified by Sanny: CANT FIND PAGE
pacificbusinessadvisors.com,pacific business advisors,no_listings_page,human-verified by Sanny: CANT FIND PAGE
anaserratbroker.com,ana serrat broker,dead,human-verified by Sanny: Site can't be reached
burness.com,burness businesses,no_listings_page,human-verified by Sanny: Not a business listing page
joinvanderbilt.com,vandy brokers,no_listings_page,human-verified by Sanny: Not a business listing page
jsassociatesllc.com,js associates,no_listings_page,human-verified by Sanny: Can't find listing page
franchiseconnectors.com,franchise connectors & business brokers,no_listings_page,human-verified by Sanny: Can't find listing page
ibanet.us6.list-manage.com,iba,no_listings_page,human-verified by Sanny: CANT FIND PAGE
zillow.com,quinn re sales,no_listings_page,human-verified by Sanny: NO Listing Page
cobaltintelligence.com,"vincent carfora broker, inc.",no_listings_page,human-verified by Sanny: NO Listing Page
columbiabusinessbrokers.com,the agency nw real estate,no_listings_page,human-verified by Sanny: NO Listing Page
thebowengroup.com,the bowen group,no_listings_page,human-verified by Sanny: CAN'T FIND PAGE
vbsgroup.biz,venture business solutions,no_listings_page,human-verified by Sanny: CAN'T FIND PAGE
hbsgre.com,"hbsg, inc.",auth_required,human-verified by Sanny: Needs sign in to view listing
yelp.com,"action realty task, inc",no_listings_page,human-verified by Sanny: Can't find page
linkedin.com,rebecca pierce,no_listings_page,human-verified by Sanny: Can't find page
royalbizconsultants.com,royal business brokers,no_listings_page,human-verified by Sanny: Error on Page
pbbny.com,platinum business brokers,no_listings_page,human-verified by Sanny: Blank Page
facebook.com,cr business brokers,auth_required,human-verified by Sanny: Needs sign in to view listing
azalea-shallot-xhyg.squarespace.com,david taylor,no_listings_page,human-verified by Sanny: Not a Business listing page
iraspilky.com,ira spilky & associates,no_listings_page,human-verified by Sanny: Can't find page
pghbiz.com,pghbiz brokerage,no_listings_page,human-verified by Sanny: No listings yet
gladescountyedc.com,rog infinity commercial real estate & business opportunity,no_listings_page,human-verified by Sanny: Can't find page
cbiteam.com,cbi team,dead,human-verified by Sanny: Site can't be reached
unitedrealestatemiami.com,united real estate miami,dead,human-verified by Sanny: Site Can't be Reached
mrec.ms.gov,ms real estate inc,no_listings_page,human-verified by Sanny: Not a Listing Page
elitebusinessbuyers.net,elite business brokers llc.,no_listings_page,human-verified by Sanny: No listing page avaialble
lawrenceasc.com,lawrence associates,no_listings_page,human-verified by Sanny: No listing page avaialble
sterlingconsultants.biz,sterling business consultants,no_listings_page,human-verified by Sanny: Cant find listing page
ca.linkedin.com,alex webb,no_listings_page,human-verified by Sanny: Cant find listing page
franchisefindersinc.com,franchise finder consulting firm,no_listings_page,human-verified by Sanny: Cant find listing page
route.com,route depot,no_listings_page,human-verified by Sanny: Cant find listing page
metrorealtydfw,mrg realty advisors llc,dead,human-verified by Sanny: Site Can't be Reached
zoominfo.com,bar doctors inc,no_listings_page,human-verified by Sanny: Cant find listing page
actionrealtytaskinc.com,"action realty task holdings, inc",dead,human-verified by Sanny: Site Can't be Reached
ajaxrealtygroup.com,ajax real estate,no_listings_page,human-verified by Sanny: Cant find listing page
premieragentnetwork.com,premier agent network,no_listings_page,human-verified by Sanny: Cant find listing page
dnb.com,bw laundry sales,no_listings_page,human-verified by Sanny: Cant find listing page
gtcapital.com.ph,gt capital inc,no_listings_page,human-verified by Sanny: Can't find listing page
mainstreetbusinessbrokers.net,mainstreet business ventures,no_listings_page,human-verified by Sanny: Can't find listing page
berkshirehathaway.com,berkshire hathaway,no_listings_page,human-verified by Sanny: Can't find listing page
jgcommercialgroup.com,jg commercial group,no_listings_page,human-verified by Sanny: No listings found
mrroute.com,"mr.route, inc.",dead,human-verified by Sanny: Site can't be reached
businessquestinc.com,"businessquest brokers, inc.",no_listings_page,human-verified by Sanny: Can't find listing page
thelawnboss.com,"boss group international, llc",no_listings_page,human-verified by Sanny: Can't find listing page
liquorlicenseprofessional.com,"liquor license professionals, llc",no_listings_page,human-verified by Sanny: Can't find listing page
uk.linkedin.com,agency republic,no_listings_page,human-verified by Sanny: Can't find listing page
bizbuybrokers.com,"atlanta business brokers, llc.",no_listings_page,human-verified by Sanny: Can't find listing page
alaskabusinessbrokers.com,alaska business brokers/real broker alaska,dead,human-verified by Sanny: 404 Not found
oxfordhighland.com,gary martin and associates/the oxford highland group,no_listings_page,human-verified by Sanny: Can't find listing page
bbfmls.com,black book advisers,no_listings_page,human-verified by Sanny: Error on listing page
vwgroupsupply.com,vw marketing llc,no_listings_page,human-verified by Sanny: Can't find listing page
maspecialists.com,m&a specialists,no_listings_page,human-verified by Sanny: Can't find listing page
raivax.com,the raivax group,no_listings_page,human-verified by Sanny: Can't find listing page
can't find listing page,sexton commercial brokerage,no_listings_page,human-verified by Sanny: Can't find listing page
kingoneproperties.com,king one properties,no_listings_page,human-verified by Sanny: Can't find listing page
mohrpartners.com,mohr partners,no_listings_page,human-verified by Sanny: Can't find listing page
mapquest.com,nayor & ferrer realty associates,no_listings_page,human-verified by Sanny: Can't find listing page
realtybiznews.com,world business & realty group,no_listings_page,human-verified by Sanny: Can't find listing page
dhabrokers.com,david hoffman & associates inc.,no_listings_page,human-verified by Sanny: Can't find listing page
bqrealtygroup.com,bq group inc,no_listings_page,human-verified by Sanny: Can't find listing page
cbs-global.com,creative business services,no_listings_page,human-verified by Sanny: Can't find listing page
libertyadvisorgroup.com,liberty advisors,no_listings_page,human-verified by Sanny: Can't find listing page
commercialplus.com,commercial plus group,no_listings_page,human-verified by Sanny: Blank page
city-data.com,"cwc agency brokerage, llc",no_listings_page,human-verified by Sanny: Can't find listing page
deepikasyal.com,deepika syal,no_listings_page,human-verified by Sanny: Needs NDA
infinitybusinessbrokers.com,infinity business brokers,dead,human-verified by Sanny: 404 Not Found
redhotpropertiesca.com,red hot properties,no_listings_page,human-verified by Sanny: Can't find listing page
axlequity.com,axl equity advisors,no_listings_page,human-verified by Sanny: Cant find listing page
commercialpropertymd.com,re/max first choice (commercial),dead,human-verified by Sanny: This site can’t be reached
gocurb.com,curb,no_listings_page,human-verified by Sanny: Cant find listing page
thenybbgroup.com,the nybb group,no_listings_page,human-verified by Sanny: Cant find listing page
chavarriacashconnection.com,regional real estate - commercial,dead,human-verified by Sanny: 404 Error. Page Not Found.
cgkbusinesssales.com,cgk business sales,no_listings_page,human-verified by Sanny: Cant find listing page
topsailcapitaladvisors.com,topsail capital advisors,no_listings_page,human-verified by Sanny: Cant find listing page
cardinalbusinessbrokers.com,cardinal business brokers,no_listings_page,human-verified by Sanny: Cant find listing page
thebeautybrokers.com,the beauty broker,no_listings_page,human-verified by Sanny: Cant find listing page
austintexas.gov,austin business finder llc,no_listings_page,human-verified by Sanny: Cant find listing page
commongroundbusinessbrokers.com,common ground business brokers,no_listings_page,human-verified by Sanny: Cant find listing page
elitebrokercrm.com,elite brokers,no_listings_page,human-verified by Sanny: Cant find listing page
realtor.com,ister & associates real estate group,no_listings_page,human-verified by Sanny: Cant find listing page
pinnaclerealtymi.com,pinnacle real estate group,no_listings_page,human-verified by Sanny: Cant find listing page
tornetta.com,tornetta realty corp.,no_listings_page,human-verified by Sanny: Cant find listing page
exitstrategiesgroup.com,"exit strategies group, inc.",no_listings_page,human-verified by Sanny: Cant find listing page
gulfstreammergers.com,gulfstream mergers & acquisitions,no_listings_page,human-verified by Sanny: Your access to this service has been limited. (HTTP response code 503)
ocalabusinessbrokers.com,"ocala business brokers, inc.",dead,human-verified by Sanny: This site can’t be reached
finance.yahoo.com,"icoa, inc.",no_listings_page,human-verified by Sanny: Not a listing page
jwmichaels.com,"jw michaels realty services, llc",no_listings_page,human-verified by Sanny: Cant find listing page
eastcoastrealtors.com,east coast realtors,no_listings_page,human-verified by Sanny: No new listing published
businessbrokersga.com,business brokers inc./atlant business ad,dead,human-verified by Sanny: This site can’t be reached
network.axial.net,amro business brokers,no_listings_page,human-verified by Sanny: Can't find listing page
fandbleasing.com,f+b hospitality brokerage,no_listings_page,human-verified by Sanny: Can't find listing page
hightouchgrp.com,high touch properties inc.,no_listings_page,human-verified by Sanny: Page no longer available
nar.realtor,"national representative realty, llc",no_listings_page,human-verified by Sanny: Can't find listing page
parkwestbusinesspartners.com,parkwest business partners,no_listings_page,human-verified by Sanny: Can't find listing page
pavilionservices.com,pavilion business services,no_listings_page,human-verified by Sanny: Can't find listing page
philipcowan.net,philip cowan,no_listings_page,human-verified by Sanny: Not a listing page
alignable.com,"ram realty group enterprises, llc.",no_listings_page,human-verified by Sanny: Can't find listing page
investors.onereal.com,real brokerage,no_listings_page,human-verified by Sanny: Can't find listing page
realtysolution.com,richard kim,dead,human-verified by Sanny: This site can’t be reached
theplatinumgrp.com,"the platinum group, ltd",no_listings_page,human-verified by Sanny: Can't find listing page
elioserpa.com,wra miami business & real estate,no_listings_page,human-verified by Sanny: Can't find listing page
markiiiproperties.com,mark iii properties,no_listings_page,human-verified by Sanny: Can't find listing page
dehlan.com,dehlan group,no_listings_page,human-verified by Sanny: Can't find listing page
etonvs.com,"business valuations, consulting, sales, funding",no_listings_page,human-verified by Sanny: Can't find listing page
blackpowderredearth.com,bpre,no_listings_page,human-verified by Sanny: Not a listing page
oregoncoastcommercial.com,berkshire hathaway homeservices northwest,dead,human-verified by Sanny: This site can’t be reached
impactmybiz.com,impact business,no_listings_page,human-verified by Sanny: Can't find listing page
msn.com,matt smith,no_listings_page,human-verified by Sanny: Not a listing page
reality2.com,my reality 2,no_listings_page,human-verified by Sanny: Not a listing page
paragonbrokers.com,paragon brokers,no_listings_page,human-verified by Sanny: Can't find listing page
peakbusinessadvising.com,"peak business advising, llc",no_listings_page,human-verified by Sanny: Can't find listing page
bizprofile.net,ref realty inc.,no_listings_page,human-verified by Sanny: Can't find listing page
tecacq.com,tecacq m&a,no_listings_page,human-verified by Sanny: Can't find listing page
abc.net.au,abc,no_listings_page,human-verified by Sanny: Not a listing page
thefranchisecompass.com,"compass consulting services, llc",no_listings_page,human-verified by Sanny: Can't find listing page
sourceworks-inc.com,sourceworks inc,no_listings_page,human-verified by Sanny: Can't find listing page
calbrigerg.com,california bridge realty,dead,human-verified by Sanny: This site can’t be reached
aaronmajors.com,majors real estate,no_listings_page,human-verified by Sanny: Can't find listing page
firstnet.com,oregon first,no_listings_page,human-verified by Sanny: Can't find listing page
pacificmergers.com,pacific mergers and acqusitions inc.,no_listings_page,human-verified by Sanny: Can't find listing page
sumtisllc.com,sumtis llc,no_listings_page,human-verified by Sanny: Can't find listing page
thetransitiongroup.biz,the transition group/tiffany real property,dead,human-verified by Sanny: This site can’t be reached
searchwelladvisors.com,searchwell advisors,no_listings_page,human-verified by Sanny: Can't find listing page
carlpallini.com,tri state business authority,no_listings_page,human-verified by Sanny: Can't find listing page
goldbridgegp.com,golden bridge realty,no_listings_page,human-verified by Sanny: Can't find listing page
maservices.com,"acquisition services, inc.",no_listings_page,human-verified by Sanny: Can't find listing page
buyersmarketinc.com,buyers market inc,dead,human-verified by Sanny: Not Found
dhacorporate.com,dha corporate,no_listings_page,human-verified by Sanny: This page isn’t working
nationalrealtyoldcity.com,national realty old city,no_listings_page,human-verified by Sanny: Can't find listing page
njportal.com,"nynj business,llc.",no_listings_page,human-verified by Sanny: Not a listing page
perfectfitbusinessalliance.com,perfect fit business alliance,no_listings_page,human-verified by Sanny: Listing page not loading
summitbusinessadvisors.com,summit business advisors,no_listings_page,human-verified by Sanny: Can't find listing page
double13llc.com,double13 llc,dead,human-verified by Sanny: This site can’t be reached
fidcol.com,fidcol corporate services inc.,no_listings_page,human-verified by Sanny: Can't find listing page
graystonecorporate.com,graystone international,no_listings_page,human-verified by Sanny: Can't find listing page
nystrombusinesssales.com,nystrom business sales,no_listings_page,human-verified by Sanny: Can't find listing page
ayanaretail.com,ayana retail,no_listings_page,human-verified by Sanny: Can't find listing page
floridarealtyofmiami.com,"florida realty of miami, corp.",no_listings_page,human-verified by Sanny: Can't find listing page
succeedwithmore.com,main street realtors,no_listings_page,human-verified by Sanny: Can't find listing page
themw.com,mountain west,no_listings_page,human-verified by Sanny: Not a listing page
robbinspellegrino.com,robbins pellegrino,no_listings_page,human-verified by Sanny: Can't find listing page
traddcommercial.com,www.traddcommercial.com,no_listings_page,human-verified by Sanny: Can't find listing page
4abusinessbroker.com,4a business broker llc,no_listings_page,human-verified by Sanny: Not a listing page
lewiscoholdings.com,lewisco,no_listings_page,human-verified by Sanny: Can't find listing page
braybusinessadvisorsgroup.com,"bray commercial, llc",no_listings_page,human-verified by Sanny: Can't find listing page
delaneyrestaurantrealty.com,delaney restaurant realty,no_listings_page,human-verified by Sanny: Can't find listing page
dolansales.com,"dolan sales, inc.",dead,human-verified by Sanny: This site can’t be reached
greatearthrealty.com,great earth realty,no_listings_page,human-verified by Sanny: Can't find listing page
greenpinepartners.com,"green pine partners, inc.",no_listings_page,human-verified by Sanny: Can't find listing page
illicre.com,illi commercial real estate,no_listings_page,human-verified by Sanny: Can't find listing page
premierinnovationsgroup.com,premier innovations group,no_listings_page,human-verified by Sanny: Not a listing page
saveinparadise.com,restaurant equipment paradise inc.,no_listings_page,human-verified by Sanny: Not a listing page
c21selectcommercial.com,select commercial group,no_listings_page,human-verified by Sanny: Page not available
worldbrokers.com,world business brokers inc,no_listings_page,human-verified by Sanny: Can't find listing page
greatplainscp.com,great plains capital partners,no_listings_page,human-verified by Sanny: Can't find listing page
nericap.com,neri capital partners,no_listings_page,human-verified by Sanny: Can't find listing page
allied-commercial.com,allied commercial,no_listings_page,human-verified by Sanny: Not a listing page
calderassociates.com,"calder associates, inc.",no_listings_page,human-verified by Sanny: Can't find listing page
bodikaeru.com,corefit consulting,no_listings_page,human-verified by Sanny: Not a listing page
massbuysell.com,massbuysell,no_listings_page,human-verified by Sanny: Can't access page
gov.texas.gov,texas new star,no_listings_page,human-verified by Sanny: Can't find listing page
franciscopartners.com,the francisco group,no_listings_page,human-verified by Sanny: Can't find listing page
valhallabrokers.com,valhalla business brokers & advisors,dead,human-verified by Sanny: This site can’t be reached
rapt,rapt business brokers,dead,human-verified by Sanny: This site can’t be reached
bfsnetwork.com,bfs,no_listings_page,human-verified by Sanny: Can't find listing page
business-acquisitions.com,"business acquisitions, llc",no_listings_page,human-verified by Sanny: Can't find listing page
bizsellca.com,california business broker,dead,human-verified by Sanny: This site can’t be reached
ferrarrirealty.com,ferrarri international realty inc.,no_listings_page,human-verified by Sanny: Can't find listing page
fortune.com,fortune company,no_listings_page,human-verified by Sanny: Needs Subscription
horizonmaa.com,horizon m&a advisors,no_listings_page,human-verified by Sanny: Can't find listing page
jonescorporate.com,the jones group,dead,human-verified by Sanny: This site can’t be reached
bizpro.com,biz pro llc,no_listings_page,human-verified by Sanny: Page not available
greghrabcak.com,hanna commercial re services,no_listings_page,human-verified by Sanny: Listing
marathoncapital.com,marathon capital advisors,no_listings_page,human-verified by Sanny: Can't find listing page - Possibly not a listing page
investments-citi.netxinvestor.com,citi commercial investments,no_listings_page,human-verified by Sanny: Not a listing page
fontainerebrokerage.com,fontaine re brokerage,no_listings_page,human-verified by Sanny: Can't find listing page
goldencircleadvisors.com,golden circle advisors,no_listings_page,human-verified by Sanny: Can't find listing page
innovativeba.com,"innovative business advisors, llc",no_listings_page,human-verified by Sanny: Can't find listing page
realtyexecutives.com,realty executives,no_listings_page,human-verified by Sanny: Can't find listing page
axial.net,washington metropolitan business brokers,no_listings_page,human-verified by Sanny: Can't find listing page
wcibroker.com,wci buisness sales,blocked,human-verified by Sanny: 403 Forbidden
preschoolsales.com,"academic property group, llc",no_listings_page,human-verified by Sanny: Can't find listing page
alamocorporategroup.com,"alamo corporate group, inc.",no_listings_page,human-verified by Sanny: Can't find listing page
bizbode.com,bizbode llc,no_listings_page,human-verified by Sanny: Can't find listing page
broadstone.com,"broadstone capital, llc",no_listings_page,human-verified by Sanny: Can't find listing page
coastcapitalsavings.com,cal coast capital,no_listings_page,human-verified by Sanny: Not a listing page
capitolbusinessconsultants.com,capitol business consultants,no_listings_page,human-verified by Sanny: Can't find listing page
crescenda.com,crescenda merger & acquisition advisors,no_listings_page,human-verified by Sanny: Can't find listing page
crespobusinessbrokers.com,crespo business brokers,no_listings_page,human-verified by Sanny: Can't find listing page
dreambusinessbrokers.com,dream business brokers,no_listings_page,human-verified by Sanny: Can't find listing page
futurehomerealty.com,fhr commercial - future home realty,no_listings_page,human-verified by Sanny: Can't find listing page
5riverscre.com,five rivers real estate,no_listings_page,human-verified by Sanny: Can't find listing page
radcapgroup.com,groves capital group,no_listings_page,human-verified by Sanny: Can't find listing page
hancockrealty.net,hancock realty,auth_required,human-verified by Sanny: Needs log in
exclusivepropertiesinmiami.com,interbloom business brokerage inc,dead,human-verified by Sanny: This site can’t be reached
johnpricebrokers.com,john price broker & associates,dead,human-verified by Sanny: This site can’t be reached
nextlevelfranchisegroup.com,next level franchise group,no_listings_page,human-verified by Sanny: Can't find listing page
pcbusa.com,"pacific brokers, inc.",no_listings_page,human-verified by Sanny: Not a listing page
performancebrokerageservices.com,"performance brokerage services, inc",no_listings_page,human-verified by Sanny: Can't find listing page
premierbusinessbrokersofga.com,premier brokers of ga llc,no_listings_page,human-verified by Sanny: Can't find listing page
priyainternational.com,pryia international inc.,no_listings_page,human-verified by Sanny: Not a listing page
forum.rpg.net,r. o. g.,no_listings_page,human-verified by Sanny: Not a listing page
raincatcher.com,raincatcher,auth_required,human-verified by Sanny: Needs log in
evansz.com,re/max preferred - newtown square,no_listings_page,human-verified by Sanny: Site won't load
retailinnovativetransfers.com,retail innovative transfers llc,no_listings_page,human-verified by Sanny: Can't find listing page
richgroup-llc.com,rich group llc,no_listings_page,human-verified by Sanny: Can't find listing page
solutions4childcare.com,solutions 4 child care,no_listings_page,human-verified by Sanny: Can't find listing page
stonyhilladvisorsinc.com,"stony hill advisors, inc.",no_listings_page,human-verified by Sanny: Can't find listing page
taitassociates.com,tait & associates business brokers,no_listings_page,human-verified by Sanny: Can't find listing page
hatterasgroup.com,the hatteras group,no_listings_page,human-verified by Sanny: Can't find listing page
unitedrealestatefortune.com,united real estate fortune,dead,human-verified by Sanny: This site can’t be reached
vtcommercial.com,v/t commercial,blocked,human-verified by Sanny: 403 Forbidden
watercresscap.com,watercress capital,no_listings_page,human-verified by Sanny: Can't find listing page
ashcap.com,ashland capital advisors,no_listings_page,human-verified by Sanny: Can't find listing page
blackwatersouth.com,blackwater south inc,dead,human-verified by Sanny: This site can’t be reached
sangcanhelp.com,broker sang han,no_listings_page,human-verified by Sanny: Can't find listing page
costcontrolrestaurantgroup.com,ccrg,no_listings_page,human-verified by Sanny: Can't find listing page
georgeandco.com,george & company/centralbrokers,no_listings_page,human-verified by Sanny: Can't find listing page
teampremier.com,premier business group,no_listings_page,human-verified by Sanny: Can't find listing page
provestinc.com,provest inc.,no_listings_page,human-verified by Sanny: Can't find listing page
stbibusiness.com,sbi- strategic business intermediaries,no_listings_page,human-verified by Sanny: Can't find listing page
careers.bimbobakeriesusa.com,sun route sales,no_listings_page,human-verified by Sanny: Not a listing page
californiabusinessadvisors.com,"california business advisors, inc.",no_listings_page,human-verified by Sanny: Can't find listing page
xchangecre.com,x-change realty & investments,auth_required,human-verified by Sanny: Needs log in
btigroup.com,bti group,no_listings_page,human-verified by Sanny: Not a listing page
josephprasad.com,the business team,no_listings_page,human-verified by Sanny: Can't find listing page
centuryestate.com,century real estate and finance inc.,no_listings_page,human-verified by Sanny: Need access code.
ericlandis.com,"comprehensive business brokers, llc",no_listings_page,human-verified by Sanny: Can't find listing page
businessbrokeragepress.com,general business brokerage,no_listings_page,human-verified by Sanny: Not a listing page
imaraadvisors.com,imara advisors,no_listings_page,human-verified by Sanny: Can't find listing page
kwcapital.kw.com,keller williams coral gables,no_listings_page,human-verified by Sanny: Can't find listing page
lonestaralliancegroup.com,"lonestar alliance consulting, llc",dead,human-verified by Sanny: This site can’t be reached
nationalbusacq.com,"national business acquisitions, llc.",no_listings_page,human-verified by Sanny: Can't find listing page
palmettocoastalhomes.com,palmetto coastal homes,no_listings_page,human-verified by Sanny: Can't find listing page
therouteguy.net,the route guy llc,dead,human-verified by Sanny: This site can’t be reached
vendereadvisors.com,vendere advisors,no_listings_page,human-verified by Sanny: Can't find listing page
bluechipma.com,david moore & partners,no_listings_page,human-verified by Sanny: Can't find listing page
aegisroutes.com,aegis routes,no_listings_page,human-verified by Sanny: Page won't load
alphastaterealty.com,alpha state realty,no_listings_page,human-verified by Sanny: Can't find listing page
home.treasury.gov,american business investments,no_listings_page,human-verified by Sanny: Not a listing page
atk-ventures.com,atk ventures,no_listings_page,human-verified by Sanny: Can't find listing page
bbb.org,better business brokerage inc,no_listings_page,human-verified by Sanny: Not a listing page
blscb.com,bls consulting,no_listings_page,human-verified by Sanny: Can't find listing page
6sense.com,"business brokerage solutions, llc",no_listings_page,human-verified by Sanny: Not a listing page
businessbrokerstoday.com,business brokers today,dead,human-verified by Sanny: This site can’t be reached
daexmachina.com,d. roberts,no_listings_page,human-verified by Sanny: Not a listing page
deithrealty.com,deith business brokers & advisors,dead,human-verified by Sanny: This site can’t be reached
destinbusinessbrokers.com,destin business brokers,no_listings_page,human-verified by Sanny: Can't find listing page
zeebiz.com,dixon brokerage,no_listings_page,human-verified by Sanny: Can't find listing page
freemanlundt.com,freeman lundt,no_listings_page,human-verified by Sanny: Can't find listing page
gts-platform.com,gt brokerage,no_listings_page,human-verified by Sanny: Can't find listing page
guttmanrealty.com,guttman realty advisors,dead,human-verified by Sanny: This site can’t be reached
ibgbusiness.com,ibg business,no_listings_page,human-verified by Sanny: Can't find listing page
investiprise.com,investiprise,no_listings_page,human-verified by Sanny: Can't find listing page
landmarkdfw.com,j1 commercial,dead,human-verified by Sanny: Website Unavailable
joycerealty.com,joyce realty,no_listings_page,human-verified by Sanny: Listing
cstorebuysell.com,kaizen realty,dead,human-verified by Sanny: This site can’t be reached
reddit.com,local real estate co,no_listings_page,human-verified by Sanny: Not a listing page
madisonstreetcapital.com,madison street capital,no_listings_page,human-verified by Sanny: Can't find listing page
maybenrealty.com,mayben realty,no_listings_page,human-verified by Sanny: LIsting
misaleinc.com,"misale & associates, inc.",no_listings_page,human-verified by Sanny: Can't find listing page
naipt.com,nai piedmont triad,no_listings_page,human-verified by Sanny: Needs sign up
laundryheap.com,new york laundromat exchange®,no_listings_page,human-verified by Sanny: Not a listing page
olympicgrouprealty.com,olympic group commercial,no_listings_page,human-verified by Sanny: Can't find listing page
questdiagnostics.com,quest,no_listings_page,human-verified by Sanny: Not a listing page
commercialrmip.com,re/max innovative properties,dead,human-verified by Sanny: Website Unavailable
gosagewood.com,sagewood advisors,no_listings_page,human-verified by Sanny: Can't find listing page
jneurosci.org,shai · hess commercial real estate,no_listings_page,human-verified by Sanny: Not a listing page
soundbusinessbrokers.com,sound business brokers,no_listings_page,human-verified by Sanny: Can't find listing page
stonetower-group.com,stone tower group,no_listings_page,human-verified by Sanny: Can't find listing page
sbbrokers.com,sunstate business brokers,no_listings_page,human-verified by Sanny: Can't find listing page
kubyco.com,"the kuby company, llc",dead,human-verified by Sanny: Website Unavailable
thriveacquisition.com,thrive acquisition,no_listings_page,human-verified by Sanny: Can't find listing page
biztimes.com,time commercial real estate,no_listings_page,human-verified by Sanny: Access Restricted
venture7advisors.com,venture 7 advisors llc,no_listings_page,human-verified by Sanny: Can't find listing page
zerozero.com,zerozero.com,no_listings_page,human-verified by Sanny: Not a listing page
bismikaconsulting.com,bismika consulting,no_listings_page,human-verified by Sanny: Can't find listing page
businessbroker.net,dry cleaning business brokerage,no_listings_page,human-verified by Sanny: LIsting
kellerwilliams.com,keller williams business & commercial,dead,human-verified by Sanny: This site can’t be reached
lgibusinessadvisors.com,lgi business advisors,no_listings_page,human-verified by Sanny: Can't find listing page
bbnbrokers.com,america's business broker,no_listings_page,human-verified by Sanny: Listing - Needs email for availability
bockusconsulting.com,bockus consulting,no_listings_page,human-verified by Sanny: Can't find listing page
carolinainvestmentbrokers.com,"carolina investment brokers, llc",no_listings_page,human-verified by Sanny: Can't find listing page
partner.microsoft.com,centers dynamic partners,no_listings_page,human-verified by Sanny: Not a listing page
snehaldharani.com,coldwell banker realty,dead,human-verified by Sanny: This site can’t be reached
ecpventures.com,ecp ventures,no_listings_page,human-verified by Sanny: Need registration
elitecommercialre.com,elite commercial realty,no_listings_page,human-verified by Sanny: Can't find listing page
grifco.com,"griffiths, dreher & evans, ps, cpas",no_listings_page,human-verified by Sanny: Can't find listing page
eddiehasan.com,mergers acquisitions and sales,no_listings_page,human-verified by Sanny: Can't find listing page
m-a-evolution.ca,mergers & acquisitions evolution inc.,no_listings_page,human-verified by Sanny: Can't find listing page
thorpecommercial.com,midtown mergers & acquisitions,no_listings_page,human-verified by Sanny: Can't find listing page
m.facebook.com,niko sells chicago,auth_required,human-verified by Sanny: Needs log in
oakcapitaladvisors.net,"oak capital advisors, llc",no_listings_page,human-verified by Sanny: Can't find listing page
paulproanoproperties.com,paul proano properties re inc,no_listings_page,human-verified by Sanny: Can't find listing page
technologypark.com,technologypark.com,no_listings_page,human-verified by Sanny: Can't find listing page
brokers.interexo.com,the russell group dre # 01384963,no_listings_page,human-verified by Sanny: Can't find listing page
charlottencbusinessforsale.com,first choice business brokers charlotte,dead,human-verified by Sanny: This site can’t be reached
vnbbrokers.com,"vnb business brokers, llc",no_listings_page,human-verified by Sanny: Need registration
firstpriorityrealty.com,1st priority realty,no_listings_page,human-verified by Sanny: Can't find listing page
buzzfile.com,7548 enterprises llc,no_listings_page,human-verified by Sanny: Can't find listing page
acquisitionexperts.net,"acquisition experts, llc",dead,human-verified by Sanny: This site can’t be reached
actiongrp.net,action business group,no_listings_page,human-verified by Sanny: Not a listing page
aldridgeandassociates.com,aldridge and associates business brokers,dead,human-verified by Sanny: This site can’t be reached
adviserinfo.sec.gov,andy lowe investments,no_listings_page,human-verified by Sanny: Can't find listing page
americaninvestmentbrokers.com,asheville business brokers,dead,human-verified by Sanny: This site can’t be reached
blackironadvisers.com,black iron advisers,no_listings_page,human-verified by Sanny: Can't find listing page
businessbrokerexpertsinc.com,business broker experts inc.,no_listings_page,human-verified by Sanny: Can't find listing page
bizxspecialists.com,"business exchange specialists, l.l.c.",no_listings_page,human-verified by Sanny: Can't find listing page
bizbrokersaz.com,business resources at american realty brokers,dead,human-verified by Sanny: This site can’t be reached
quora.com,buy direct real estate inc,no_listings_page,human-verified by Sanny: Not a listing page
cgreicher.com,"c.g. reicher associates, ltd.",no_listings_page,human-verified by Sanny: Can't find listing page
centurybba.com,century mergers & acquisitions llc,no_listings_page,human-verified by Sanny: Can't find listing page
circaenergy.com,circa commercial,no_listings_page,human-verified by Sanny: Not a listing page
inbiz.in.gov,"corporate entities, inc.",blocked,human-verified by Sanny: 403 Forbidden
businessbrokers-az.com,cox business brokers az-west usa realty,no_listings_page,human-verified by Sanny: Can't find listing page
cremembers.com,cre,no_listings_page,human-verified by Sanny: Not a listing page
drakebusinessbrokers.com,drake business services,dead,human-verified by Sanny: This site can’t be reached
empireglobalfinancial.com,"empire global financial services, llc",dead,human-verified by Sanny: 404 Not Found
labusinesspros.com,"exp commercial of california, inc.",no_listings_page,human-verified by Sanny: Can't find listing page
gbxbroker.com,gbx brokerage,no_listings_page,human-verified by Sanny: Can't find listing page
gdpgroupre.com,gdp group,no_listings_page,human-verified by Sanny: Can't find listing page
homesmart.com,homesmart icare realty,blocked,human-verified by Sanny: Access blocked
jacar-systems.com,jacar llc,no_listings_page,human-verified by Sanny: Not a listing page
alexthedealmaker.com,keller williams coastal realty/ the nmr group,no_listings_page,human-verified by Sanny: Not a listing page
floridachildcarebroker.com,lluna investments,no_listings_page,human-verified by Sanny: Can't find listing page
novaconceptsny.com,nova concept inc,no_listings_page,human-verified by Sanny: Not a listing page
omniterrasolutions.com,omniterra solutions,no_listings_page,human-verified by Sanny: Can't find listing page
ownrealty.com,own realty,no_listings_page,human-verified by Sanny: Need registration
plethorabusinesses.com,plethora businesses,no_listings_page,human-verified by Sanny: Can't find listing page
premiercbb.com,premier construction business brokers,no_listings_page,human-verified by Sanny: Can't find listing page
usbizsell.com,rainwater business advisors llc,no_listings_page,human-verified by Sanny: Can't find listing page
remax.com,"re/max of reading, realtors",no_listings_page,human-verified by Sanny: Needing a form filled out
myfloridalicense.com,"realty pros of naples, llc",no_listings_page,human-verified by Sanny: Not a listing page
sharpbusiness.net,sharp business solutions,no_listings_page,human-verified by Sanny: Can't find listing page
screco.com,shircliff commercial,no_listings_page,human-verified by Sanny: Can't find listing page
siegelfg.com,siegel financial group,blocked,human-verified by Sanny: Access blocked
instagram.com,sm real estate group,no_listings_page,human-verified by Sanny: Can't find listing page
staceyintl.com,stacey international llc,no_listings_page,human-verified by Sanny: Can't find listing page
biztransitionservices.com,transition business solutions,no_listings_page,human-verified by Sanny: Inaccessible page
bnimn.com,twin cities business alliance llc,no_listings_page,human-verified by Sanny: Can't find listing page
bizdealmaker.com,venture opportunities llc,no_listings_page,human-verified by Sanny: Can't find listing page
victorygrouplv.com,victory group,dead,human-verified by Sanny: This site can’t be reached
abstractadvisors.com,we are intermediaries.,no_listings_page,human-verified by Sanny: Can't find listing page
wiley-associates.com,wiley and associates inc.,no_listings_page,human-verified by Sanny: Can't find listing page
hawkinscre.com,yuruany a munoz pa,no_listings_page,human-verified by Sanny: Can't find listing page
cbbofmaine.com,certified business brokers of maine,no_listings_page,human-verified by Sanny: Can't find listing page
businessesforsalenewmexico.com,colliers international,dead,human-verified by Sanny: Page Unavailable
nebadvisors.com,northeast business advisors,no_listings_page,human-verified by Sanny: Can't find listing page
wrightbusinessadvisors.com,wright business advisors,no_listings_page,human-verified by Sanny: Can't find listing page
ciiadvisors.com,cii advisors,no_listings_page,human-verified by Sanny: No listing page
crosspointecapital.com,crosspointe capital,no_listings_page,human-verified by Sanny: No listing page
hawaiisunsetrealestate.com,hawaii sunset real estate,dead,human-verified by Sanny: Page Unavailable
independentagent.com,independent business advocate & intermediary,no_listings_page,human-verified by Sanny: Can't find listing page
inixbiz.com,inix consulting and brokerage,no_listings_page,human-verified by Sanny: Can't find listing page
keystonema.com,keystone advisors,no_listings_page,human-verified by Sanny: Not a listing page
michaelkellyassociates.com,"mike kelly & associates, inc.",no_listings_page,human-verified by Sanny: Not a listing page
news.microsoft.com,revenue avenue,no_listings_page,human-verified by Sanny: Not a listing page
scheerpartners.com,scheer partners,no_listings_page,human-verified by Sanny: No listing page
sierrapacificpartners.com,sierra pacific partners,no_listings_page,human-verified by Sanny: No listing page
thecolonygroup.com,the coloney group,no_listings_page,human-verified by Sanny: No listing page
timioconsulting.com,timio consulting,no_listings_page,human-verified by Sanny: No listing page
transition360.com,transition360 business brokers,no_listings_page,human-verified by Sanny: No listing page
trustedbta.com,trusted business transaction advisors,no_listings_page,human-verified by Sanny: No listing page
kellybusinessadvisors.com,"kelly business advisors, llc.",no_listings_page,human-verified by Sanny: No listing page
markellegal.com,markell & associates inc.,no_listings_page,human-verified by Sanny: No listing page
westusa.com,west usa,no_listings_page,human-verified by Sanny: Listing
blueridgepartners.com,blue ridge partners,no_listings_page,human-verified by Sanny: No listing page
abraxas.biz,abraxas business services,no_listings_page,human-verified by Sanny: No listing page
bairdwarner.com,baird & warner commercial real estate,no_listings_page,human-verified by Sanny: LIsting
berkbiz.com,berkowitz acquisitions,dead,human-verified by Sanny: This site can’t be reached
bhhsdrysdale.com,berkshire hathaway drysdale properties,no_listings_page,human-verified by Sanny: LIsting
bhhshudsonvalley.com,berkshire hathaway home services hudson valley,no_listings_page,human-verified by Sanny: LIsting
bhhs.com,berkshire hathaway homeservice,no_listings_page,human-verified by Sanny: Listing
bizreadyinc.com,"bizready, inc.",no_listings_page,human-verified by Sanny: Can't find listing page
blackdiamondma.com,black diamond capital advisory firm,no_listings_page,human-verified by Sanny: Can't find listing page
businessbulldog.com,"business bulldog, llc.",no_listings_page,human-verified by Sanny: Can't find listing page
businesswisebrokers.com,businesswise brokers & consultants,no_listings_page,human-verified by Sanny: Can't find listing page
capitalbusiness.net,capital business services,no_listings_page,human-verified by Sanny: Can't find listing page
coastlinebus-advisors.com,coastline business advisors,no_listings_page,human-verified by Sanny: Can't find listing page
cobbleridgebusinessbrokers.com,cobbleridge realty corp,no_listings_page,human-verified by Sanny: Can't find listing page
compasscapinc.com,compass capital advisors inc.,no_listings_page,human-verified by Sanny: Can't find listing page
launchgrowexit.com,cornerstone business advisors,no_listings_page,human-verified by Sanny: Can't find listing page
costellocapitalmanagementllc.com,"costello capital management, llc",no_listings_page,human-verified by Sanny: Can't find listing page
crye-leike.com,crye-leike commercial,no_listings_page,human-verified by Sanny: Listing
custombusinesssales.com,custom business sales,no_listings_page,human-verified by Sanny: No listing page
deployadvisors.com,"deploy business advisors, inc.",dead,human-verified by Sanny: Page Unavailable
docphonefix.com,"dr. phone fix, inc.",no_listings_page,human-verified by Sanny: No listing page
janisummers.evrealestate.com,engel & volkers western frontier,no_listings_page,human-verified by Sanny: Listing
ecacre.com,ethos commercial advisors,no_listings_page,human-verified by Sanny: No listing page
sellorlandobusiness.com,goldcrest commercial business consultant,dead,human-verified by Sanny: Page Unavailable
hirshonassociates,h & h properties and franchises llc,dead,human-verified by Sanny: This site can’t be reached
healthcarema.com,healthcarema,no_listings_page,human-verified by Sanny: No listing page
hickeylegalgroup.com,hickey & associates,dead,human-verified by Sanny: Page Unavailable
holdenrealtyrva.com,"holden realty, llc",dead,human-verified by Sanny: Page Unavailable
hsicommercial.com,hsi commercial,no_listings_page,human-verified by Sanny: No listing page
cmhhospitality.com,intercept management,no_listings_page,human-verified by Sanny: No listing page
business.decaturchamber.com,jt,no_listings_page,human-verified by Sanny: No listing page
youtube.com,"just elementary, inc. commercial business brokers.",no_listings_page,human-verified by Sanny: Not a listing page
miamilakesbiz.net,lakes business and commercial,no_listings_page,human-verified by Sanny: No listing page
enriquejohnson.com,lokation real estate,no_listings_page,human-verified by Sanny: No listing page
mavenpropertiesnc.com,maven properties,no_listings_page,human-verified by Sanny: No listing page
datanyze.com,mid-atlantic business group,no_listings_page,human-verified by Sanny: No listing page
morriswilliamscorp.com,morris williams realty,dead,human-verified by Sanny: This site can’t be reached
mybrokersells.com,my broker llc,no_listings_page,human-verified by Sanny: This site can’t provide a secure connection
nationaltransactionadvisors.com,"national transaction advisors, inc.",no_listings_page,human-verified by Sanny: No listing page
pacificaadvisors.com,pacifica business bokers,no_listings_page,human-verified by Sanny: No listing page
pellego.com,"pellego, inc.",no_listings_page,human-verified by Sanny: No listing page
my.pfeiffer.edu,pfeiffer,no_listings_page,human-verified by Sanny: Not a listing page
pngrp.net,potomac network,no_listings_page,human-verified by Sanny: Not a listing page
pragmagroupllc.com,"pragmagroup, llc.",no_listings_page,human-verified by Sanny: No listing page
procisionbb.com,procision business brokers,no_listings_page,human-verified by Sanny: No listing page
thepropertygroupct.com,property team,no_listings_page,human-verified by Sanny: No listing page
crainsnewyork.com,real estate places,no_listings_page,human-verified by Sanny: Can't find listing page
meetup.com,rocky mountain business professionals,no_listings_page,human-verified by Sanny: Not a listing page
sothebys.com,sothebys,no_listings_page,human-verified by Sanny: Not a listing page
sturgesproperty.com,sturges property group,dead,human-verified by Sanny: Page Unavailable
summitrealtysolutions.com,summit realty solutions,no_listings_page,human-verified by Sanny: No listing page
synesis-advisors.com,synesis advisors,no_listings_page,human-verified by Sanny: No listing page
taguinodlawgroup.com,taguinodlawgroup,no_listings_page,human-verified by Sanny: Not a listing page
tallwoodcap.com,"tallwood company, llc",no_listings_page,human-verified by Sanny: No listing page
acqexperts.net,the acquisition expert,no_listings_page,human-verified by Sanny: No listing page
thekcorealty.net,the k company realty llc,no_listings_page,human-verified by Sanny: Not a listing page
thewheatleygroup.com,the wheatley group,no_listings_page,human-verified by Sanny: No listing page
thielgroup.com,thielgroup llc.,no_listings_page,human-verified by Sanny: No listing page
treasurevalleybusinessbrokers.com,treasure valley business brokers,no_listings_page,human-verified by Sanny: No listing page
trinitytransactions.com,"trinity transaction advisory, llc",no_listings_page,human-verified by Sanny: No listing page
twpcpa.com,twp,no_listings_page,human-verified by Sanny: No listing page
americanbusinessbrokerage.org,"american business brokerage, inc.",no_listings_page,human-verified by Sanny: No listing page
recruitment.farmers.com,district 79-06,no_listings_page,human-verified by Sanny: Not a listing page
mbatampabay.com,mba tampa bay,no_listings_page,human-verified by Sanny: Not a listing page
so-calbusinessbrokers.com,so-cal business brokers,no_listings_page,human-verified by Sanny: No listing page
themidessagroup.com,the midessa group,no_listings_page,human-verified by Sanny: No listing page
voyageacquisitions.com,voyage acquisitions,no_listings_page,human-verified by Sanny: No listing page
innovatusgroupinc.com,innovatus group inc.,no_listings_page,human-verified by Sanny: Not a listing page
acquivest.net,acquivest business brokers & exit planners,no_listings_page,human-verified by Sanny: No listing page
arizonabizsales.com,arizona business sales advisors,no_listings_page,human-verified by Sanny: No listing page
sos.ca.gov,california business opportunities,no_listings_page,human-verified by Sanny: Not a listing page
no,cb sales,dead,human-verified by Sanny: This site can’t be reached
courierbis.com,courier brokers and insurance services llc,no_listings_page,human-verified by Sanny: Not a listing page
deltabusinessadvisors.com,delta business advisors,no_listings_page,human-verified by Sanny: No listing page
edisonavenue.com,edison avenue,no_listings_page,human-verified by Sanny: No listing page
florexrealty.com,florida express realty,dead,human-verified by Sanny: 404 Not Found
indigobusinesssolution.com,indigo business solutions,blocked,human-verified by Sanny: 403 Forbidden
kenkenevan.com,kenneth kenevan cpa,no_listings_page,human-verified by Sanny: No listing page
leftcoastcapital.com,left coast business brokers,no_listings_page,human-verified by Sanny: No listing page
opnroad.io,opnroad,no_listings_page,human-verified by Sanny: No listing page
syedbrokerage.capital,syed brokerage & capital co.,no_listings_page,human-verified by Sanny: No listing page
teamglobalrealty.com,team global realty partners,no_listings_page,human-verified by Sanny: No listing page
thehughes-group.com,the hughes group inc.,no_listings_page,human-verified by Sanny: No listing page
loopnet.com,trident real estate solutions inc.,no_listings_page,human-verified by Sanny: No listing page
venture-group.net,venture group,no_listings_page,human-verified by Sanny: No listing page
aaag.com,"aaag business brokers, inc",no_listings_page,human-verified by Sanny: No listing page
aberdeenadvisors.com,"aberdeen advisors, inc.",no_listings_page,human-verified by Sanny: No listing page
acaciagroupinc.com,"acacia group, inc.",no_listings_page,human-verified by Sanny: No listing page
aestheticgrowthpartners.com,aesthetic growth partners,no_listings_page,human-verified by Sanny: Site is not available
aeabresults.com,asset business solutions,no_listings_page,human-verified by Sanny: No listing page
avalonpartners.ca,avalon partners,no_listings_page,human-verified by Sanny: No listing page
axonbrokers.com,axon & associates,no_listings_page,human-verified by Sanny: No listing page
stuartadler.com,bar group associates ltd.,no_listings_page,human-verified by Sanny: No listing page
barrenterprises.com,"barr enterprises, llc",no_listings_page,human-verified by Sanny: No listing page
boardroombrokers.com,boardroom brokers inc,no_listings_page,human-verified by Sanny: No listing page
soflbizbrokers.com,"braddock business brokers, llc",dead,human-verified by Sanny: This site can’t be reached
401sold.com,business & commercial brokerage inc.,dead,human-verified by Sanny: Page Unavailable
bvgroupinc.com,"business venture group, inc.",dead,human-verified by Sanny: This site can’t be reached
etime-solutions.com,california etime solutions & liberty group of nevada,no_listings_page,human-verified by Sanny: No listing page
c21discovery.com,century 21 discovery,blocked,human-verified by Sanny: 403 Forbidden
chelsis.com,chelsis financial,no_listings_page,human-verified by Sanny: No listing page
jayguberman.com,coldwell banker ellison realty,no_listings_page,human-verified by Sanny: No listing page
freshstartbusinessbrokers.com,colorado business advisors llc (dba fresh-start business brokers),no_listings_page,human-verified by Sanny: No listing page
compassnet.io,compass,no_listings_page,human-verified by Sanny: Not a listing page
cygnusrealestate.com,cygnus real estate,no_listings_page,human-verified by Sanny: Listing
defoorservices.com,"defoor business services, inc.",no_listings_page,human-verified by Sanny: No listing page
demeteralpha.com,demeter alpha advisors,no_listings_page,human-verified by Sanny: No listing page
dukebizadvisors.com,duke business advisors,no_listings_page,human-verified by Sanny: No listing page
empirebusinesssolutions.net,empire business solutions,no_listings_page,human-verified by Sanny: Not a listing page
falcosult.com,falco sult,no_listings_page,human-verified by Sanny: Not a listing page
forecastconsultant.com,forecast consulting,no_listings_page,human-verified by Sanny: No listing page
gatewaybizsales.com,gateway business sales,no_listings_page,human-verified by Sanny: No listing page
gentrycompany.com,gentry company,no_listings_page,human-verified by Sanny: No listing page
greenlightbusinessbrokers.com,greenlight business brokers,dead,human-verified by Sanny: Page Unavailable
gtsecurities.net,"gt securities, inc.",no_listings_page,human-verified by Sanny: No listing page
gunnconsultants.com,gunn consulting,no_listings_page,human-verified by Sanny: Not a listing page
higeconsults.com,hige consulting llc,no_listings_page,human-verified by Sanny: Not a listing page
imatchfranchise.com,imatch franchise and global investments,no_listings_page,human-verified by Sanny: No listing page
icfg.net,international mergers group,no_listings_page,human-verified by Sanny: No listing page
boyerlawfirm.com,invest in florida real estate llc,blocked,human-verified by Sanny: Access Denied
kellyright.com,kelly right real estate,no_listings_page,human-verified by Sanny: No listing page
kikoauctions.com,kiko company,no_listings_page,human-verified by Sanny: Listing
kreshmore.com,kreshmore group,no_listings_page,human-verified by Sanny: No listing page
links-financial.com,links financial real estate,no_listings_page,human-verified by Sanny: No listing page
consultwithlucas.com,lucas walker business consulting llc,no_listings_page,human-verified by Sanny: No listing page
buybusinessmiami.com,"malouf international realty, inc.",dead,human-verified by Sanny: This site can’t be reached
mballas.com,michael ballas,dead,human-verified by Sanny: This site can’t be reached
nationalbusinessbrokerage.com,national business brokerage,no_listings_page,human-verified by Sanny: No listing page
newenglandbusinesssales.com,new england business sales,no_listings_page,human-verified by Sanny: No listing page
nexusbusinessassociates.com,nexus business brokers,no_listings_page,human-verified by Sanny: No listing page
northeastpartners.com,northeast business partners,no_listings_page,human-verified by Sanny: No listing page
oxfordbusinessbrokers.com,"oxford business brokers, inc.",no_listings_page,human-verified by Sanny: Site is not available
pagecompany.net,page company,no_listings_page,human-verified by Sanny: No listing page
piedmontbusiness.com,"piedmont business, llc",no_listings_page,human-verified by Sanny: No listing page
pacificrimbusinessconsultants.com,prbc,no_listings_page,human-verified by Sanny: This site can’t provide a secure connection
quickcpas.com,quick and associates,no_listings_page,human-verified by Sanny: No listing page
red.nv.gov,real estate in nevada,no_listings_page,human-verified by Sanny: No listing page
ouroneplace.com,real estate one,no_listings_page,human-verified by Sanny: Not a listing page
rbasells.com,restoration brokers of america,no_listings_page,human-verified by Sanny: No listing page
sdrventures.com,sdr ventures,no_listings_page,human-verified by Sanny: No listing page
stantonparkllc.com,stanton park capital,no_listings_page,human-verified by Sanny: No listing page
thames-venture.com,thames management resources ltd,no_listings_page,human-verified by Sanny: No listing page
oconnorgroup.net,the oconnor group,no_listings_page,human-verified by Sanny: No listing page
obx-business-broker.com,"tomlinson and associates, llc",dead,human-verified by Sanny: This site can’t be reached
trianglehca.com,triangle healthcare advisors,dead,human-verified by Sanny: This site can’t be reached
watsonrealtycorp.com,watson realty corp.,no_listings_page,human-verified by Sanny: Listing
kcbusinessbrokers.net,"kc business brokers, llc.",no_listings_page,human-verified by Sanny: No listing page
assetmarketinggroupinc.com,"asset marketing brokers, inc.",dead,human-verified by Sanny: This site can’t be reached
ctadvise.com,cta,no_listings_page,human-verified by Sanny: No listing page
denverbusinessbrokers.com,denver business brokers,no_listings_page,human-verified by Sanny: No listing page
flatironventurepartners.com,flatiron ventures inc,no_listings_page,human-verified by Sanny: No listing page
millcreekpartners.com,mill creek partners,no_listings_page,human-verified by Sanny: Page unvailable
premieranalyticsinc.com,premier analytics inc,no_listings_page,human-verified by Sanny: No listing page
southeastbusinessexchange.com,southeast business exchange/ambulance deals stat,dead,human-verified by Sanny: This site can’t be reached
infotech.com,infotech,no_listings_page,human-verified by Sanny: Not a listing page
jpmorgan.com,morgan one investments,no_listings_page,human-verified by Sanny: Not a listing page
abi-ma.com,"abi business sales, m&a and valuations",no_listings_page,human-verified by Sanny: No listing page
allantaylorbrokers.com,allan taylor & co.,no_listings_page,human-verified by Sanny: No listing page
aloha-re.net,aloha-re.com,blocked,human-verified by Sanny: 403 Forbidden
apexadvisorsus.com,apex advisors,no_listings_page,human-verified by Sanny: Not a listing page
sec.gov,"armat international, inc./reacon realty",no_listings_page,human-verified by Sanny: Not a listing page
array.registria.com,array business sales,no_listings_page,human-verified by Sanny: Not a listing page
bgadvisorscpa.com,bg advisory inc.,no_listings_page,human-verified by Sanny: Not a listing page
storecoach.com,biz sellers,dead,human-verified by Sanny: This site can’t be reached
blackpagoda.com,black pagoda advisors,no_listings_page,human-verified by Sanny: Not a listing page
bluemountainbusiness.com,blue mountain equity,dead,human-verified by Sanny: This site can’t be reached
burleyconsulting.com,"burley consulting, llc",no_listings_page,human-verified by Sanny: Not a listing page
businessbuyersuniversity.com,business buyers university,no_listings_page,human-verified by Sanny: Not a listing page
chucktankoconsulting.com,business property advocates inc bda chuck tanko consultant,no_listings_page,human-verified by Sanny: Not a listing page
bizresource.biz,business resource associates,no_listings_page,human-verified by Sanny: No listing page
callaundry.com,cal laundry ventures,no_listings_page,human-verified by Sanny: No listing page
capexbizbrokers.com,capex biz brokers,no_listings_page,human-verified by Sanny: No listing page
capitalassetadvisors.net,capital asset advisors,no_listings_page,human-verified by Sanny: Page unvailable
cellphonerepair.com,cell phone repair - cpr,no_listings_page,human-verified by Sanny: Not a listing page
c21beggins.com,century 21 beggins ent,no_listings_page,human-verified by Sanny: Listing
bizkang.com,champions real estate services,dead,human-verified by Sanny: This site can’t be reached
chartwellbiz.com,chartwell business advisors,no_listings_page,human-verified by Sanny: Not a listing page
childcarebrokers.com,childcare brokers,no_listings_page,human-verified by Sanny: Not a listing page
citizens,citizens business group,dead,human-verified by Sanny: This site can’t be reached
classicalrealtygroupinc.com,"classical realty group, inc.",no_listings_page,human-verified by Sanny: No listing page
commercialadvantagerealestate.com,commercial advantage real estate,no_listings_page,human-verified by Sanny: No listing page
cornerstone-business.com,cornerstone business services,no_listings_page,human-verified by Sanny: No listing page
wiselin.com,"corporate consultants international, inc.",no_listings_page,human-verified by Sanny: Not a listing page
bizbodega.com,cr commercial realty inc,dead,human-verified by Sanny: This site can’t be reached
dbgadvisors.com,dbg advisors,no_listings_page,human-verified by Sanny: No listing page
dbmrealty.com,dbm real estate group llc,no_listings_page,human-verified by Sanny: No listing page
dogwoodbba.com,dogwood business brokers & advisors,no_listings_page,human-verified by Sanny: No listing page
eagle.partners,eagle partners llc,no_listings_page,human-verified by Sanny: No listing page
eeaspecialists.com,early education acquisition specialists,no_listings_page,human-verified by Sanny: Page unvailable
easyspanacquisitions.com,easy span acquisitions,no_listings_page,human-verified by Sanny: No listing page
emsonsrealty.com,emsons realty ltd,no_listings_page,human-verified by Sanny: No listing page
bizopsgo.com,exclusive business broker | cabb,no_listings_page,human-verified by Sanny: No listing page
fairfax-realty-select.constantcontactsites.com,fairfax realty select,no_listings_page,human-verified by Sanny: Not a listing page
first-biz.com,first business resources inc.,no_listings_page,human-verified by Sanny: No listing page
firstmerchants.com,firstmerit bank,no_listings_page,human-verified by Sanny: Not a listing page
flbusinesssales.com,fl business sales | mergers & acquisitions,no_listings_page,human-verified by Sanny: No listing page
floridabizacq.com,"florida business acquisitions, co.",no_listings_page,human-verified by Sanny: No listing page
frontierba.com,frontier business acquisitions,no_listings_page,human-verified by Sanny: Not a listing page
gwbusinessbrokers.com,gateway business brokers,no_listings_page,human-verified by Sanny: Page unvailable
theguardian.com,guardian results,no_listings_page,human-verified by Sanny: Not a listing page
tmhcc.com,hcc real estate,no_listings_page,human-verified by Sanny: Not a listing page
crunchbase.com,hesch & shain,no_listings_page,human-verified by Sanny: Not a listing page
hnregroup.com,hnre business group,no_listings_page,human-verified by Sanny: No listing page
hughesklaiber.com,hughes klaiber llc,no_listings_page,human-verified by Sanny: No listing page
iabusinessadvisors.com,ia business advisors,no_listings_page,human-verified by Sanny: Not a listing page
wintrustbank.com,ibb,no_listings_page,human-verified by Sanny: Not a listing page
ibba.org,"iowa business advisers, llc",no_listings_page,human-verified by Sanny: Not a listing page
ironwheelsolutions.com,iron wheel solutions,no_listings_page,human-verified by Sanny: No listing page
buysde.com,laroche consulting,dead,human-verified by Sanny: Error 404 - Not Found
libinandkatz.com,libin & katz business brokers,no_listings_page,human-verified by Sanny: Page unvailable
agency-broker.com,mkl agency broker,blocked,human-verified by Sanny: Access denied
mooninternational.com,"moon international, inc",no_listings_page,human-verified by Sanny: Not a listing page
mtvistacapital.com,"mt. vista capital, inc.",no_listings_page,human-verified by Sanny: No listing page
nextstep.net,nextstep business advisors,no_listings_page,human-verified by Sanny: Not a listing page
olympicrd.com,olympic real estate,no_listings_page,human-verified by Sanny: Not a listing page
pcgeffers.com,"p.c. geffers, associates",no_listings_page,human-verified by Sanny: No listing page
pacificcoastbrokers.com,"pacific coast brokers,inc.",no_listings_page,human-verified by Sanny: Page Inaccessible
pacifichospitality.com,pacific hospitality real estate,no_listings_page,human-verified by Sanny: Not a listing page
premierlaundry.net,premier laundry,no_listings_page,human-verified by Sanny: Not a listing page
primebrokeragetx.com,prime brokerage,no_listings_page,human-verified by Sanny: Page unvailable
remaxcir.com,re/max elite realty commercial,blocked,human-verified by Sanny: Access denied
intelius.com,ronald clarence jansen jr.,no_listings_page,human-verified by Sanny: Not a listing page
russellbusinessandfinancial.com,russell business & financial,no_listings_page,human-verified by Sanny: Page unvailable
salazargroupinc.com,salazar group,no_listings_page,human-verified by Sanny: No listing page
satterleeassociates.com,satterlee & associates inc.,no_listings_page,human-verified by Sanny: No listing page
sbizb.com,select business sales,no_listings_page,human-verified by Sanny: Page inaccessible
summitmarketing.com,summit marketing co.,no_listings_page,human-verified by Sanny: No listing page
sswcpas.com,swco,no_listings_page,human-verified by Sanny: Page inaccessible
ae.linkedin.com,tadrous business brokers,no_listings_page,human-verified by Sanny: No listing page
lafayetteadvisors.com,"the lafayette group, llc",no_listings_page,human-verified by Sanny: Not a listing page
ronaldlawrencegroup.com,the rl group acquisition specialists,no_listings_page,human-verified by Sanny: No active listing
transactcapital.com,transact capital partners,no_listings_page,human-verified by Sanny: No listing page
josielin.com,umre group | exp commercial,no_listings_page,human-verified by Sanny: Not a listing page
ubamembers.com,united business associates,no_listings_page,human-verified by Sanny: Not a listing page
waterwaybusiness.com,"waterway, inc.",dead,human-verified by Sanny: 404: Page not found
weekscommercial.com,weeks commercial,dead,human-verified by Sanny: 404: Page not found
westergardrealestate.com,westergard real estate,no_listings_page,human-verified by Sanny: No listing page
winmorrisonrealty.com,win morrison realty,no_listings_page,human-verified by Sanny: Needing access code
wmapartners.com,wma health care partners,no_listings_page,human-verified by Sanny: No listing page
remaxelevation.com,re/max elevation,no_listings_page,human-verified by Sanny: No listing page
andersonadvisors.com,anderson & anderson,no_listings_page,human-verified by Sanny: Not a listing page
twitter.com,drezner & drezner,no_listings_page,human-verified by Sanny: No listing page
campbellandsonscapital.com,campbell & son,no_listings_page,human-verified by Sanny: Not a listing page
johnlewis.com,m. lewis & partners,no_listings_page,human-verified by Sanny: Not a listing page
aprconsulting.com,apr group consulting inc,no_listings_page,human-verified by Sanny: Not a listing page
westcoast-cre.com,west coast commercial llc,no_listings_page,human-verified by Sanny: No listing page
fspoc.com,fsp,no_listings_page,human-verified by Sanny: Not a listing page
legacymainstreet.com,legacy mainstreet inc.,no_listings_page,human-verified by Sanny: No listing page
visionbizgroup.com,vision biz group llc.,dead,human-verified by Sanny: This site can’t be reached
123bsc.com,brothers commercial brokerage,blocked,human-verified by Sanny: Access denied
successfranchiseadvisors.com,success franchise advisors,no_listings_page,human-verified by Sanny: Not a listing page
capitalgroup.com,the capital group,no_listings_page,human-verified by Sanny: Not a listing page
franchise-advisors.com,franchise advisors inc.,no_listings_page,human-verified by Sanny: Not a listing page
http:,hannigan,dead,human-verified by Sanny: This site can’t be reached
coconutcreek.net,city street,dead,human-verified by Sanny: This site can’t be reached
kellerwilliams.net,keller williams,no_listings_page,human-verified by Sanny: Not a listing page
modernvisionbusinessbrokers.com,modern vision business brokers,no_listings_page,human-verified by Sanny: Not a listing page
xgoadvisors.com,arcadian group,dead,human-verified by Sanny: 404 Not Found
brokerlaw.biz,brokers and associates,no_listings_page,human-verified by Sanny: Not a listing page
fifthavenuefinancial.com,fifth avenue brokerage,no_listings_page,human-verified by Sanny: Not a listing page
southstreetsecurities.com,sss brokerage,no_listings_page,human-verified by Sanny: Not a listing page
grandworthbbi.com,grandworth business brokers & intermediaries llc,no_listings_page,human-verified by Sanny: No listing page
westtexasacquisitions.com,west texas acquisitions: an el paso business brokerage,no_listings_page,human-verified by Sanny: No listing page
teamwork.net,business team group,no_listings_page,human-verified by Sanny: Not a listing page
sbrassociation.com,marathon business advisory services,no_listings_page,human-verified by Sanny: Not a listing page
thesfa.net,sfa advisors,no_listings_page,human-verified by Sanny: Not a listing page
thefranklingroup.biz,the franklin group,no_listings_page,human-verified by Sanny: Not a listing page
bizbuzzbrokers.com,bizbuzz business brokerage,no_listings_page,human-verified by Sanny: No listing page
superiorrealestateservices.com,superior services real estate,blocked,human-verified by Sanny: 403 Forbidden
capstonepartners.com,capstone m&a,no_listings_page,human-verified by Sanny: No listing page
gibraltarbc.com,gibraltar,no_listings_page,human-verified by Sanny: Not a listing page
northstar-mergers.com,northstar mergers & acquisitions,no_listings_page,human-verified by Sanny: Not a listing page
sokolassociates.com,sokol & associates,no_listings_page,human-verified by Sanny: Not a listing page
sterlingbusinesscapital.com,sterling business brokers,no_listings_page,human-verified by Sanny: No listing page
teamtarter.com,tarter realty auction & appraisal,no_listings_page,human-verified by Sanny: No listing page
jtnre.com,jtn real estate inc.,no_listings_page,human-verified by Sanny: No listing page
1522advisors.com,1522 advisors,no_listings_page,human-verified by Sanny: No listing page
americasbiz.net,ameri-business,no_listings_page,human-verified by Sanny: Not a listing page
usweedinvesting.com,bechtel business advisors,dead,human-verified by Sanny: This site can’t be reached
denalibusiness.com,denali business advisors,no_listings_page,human-verified by Sanny: Not a listing page
heliosed.com,helios,no_listings_page,human-verified by Sanny: Not a listing page
johnhartrealestate.com,john hart real estate,no_listings_page,human-verified by Sanny: Not a listing page
ml.com,merrell management group,no_listings_page,human-verified by Sanny: Not a listing page
ellitan.com,the ellitan group,no_listings_page,human-verified by Sanny: No listing page
valleyspire.com,valley spire,no_listings_page,human-verified by Sanny: Not a listing page
thefranway.com,the franway,no_listings_page,human-verified by Sanny: No listing page
homestosearch.com,katrina klam group,dead,human-verified by Sanny: This site can’t be reached
realty-cards.com,designed real estate,no_listings_page,human-verified by Sanny: Not a listing page
mikefullerrealty.com,mike fuller realty & co.,no_listings_page,human-verified by Sanny: Not a listing page
mintmobile.com,mint bay area,no_listings_page,human-verified by Sanny: Not a listing page
rcscoinc.net,"rcs consulting,inc",no_listings_page,human-verified by Sanny: Not a listing page
teamacres.com,acres llc,no_listings_page,human-verified by Sanny: Not a listing page
testserver.atlanticmergers.com,atlantic m&a business brokers,no_listings_page,human-verified by Sanny: Page unvailable
capital-tactics.com,capital tactics,no_listings_page,human-verified by Sanny: No listing page
commbank.com.au,cba,no_listings_page,human-verified by Sanny: Not a listing page
commonwealthbusinessbrokerage.com,common-wealth business brokerage,no_listings_page,human-verified by Sanny: No listing page
handypaknetco.com,handy,no_listings_page,human-verified by Sanny: Not a listing page
hmienterprises.com,hmi business services,no_listings_page,human-verified by Sanny: Not a listing page
kandkinsurance.com,k&k business brokers,no_listings_page,human-verified by Sanny: Not a listing page
kingstonerealty.net,kingstone realty,no_listings_page,human-verified by Sanny: Page unvailable
miracle-re.com,miracle llc,no_listings_page,human-verified by Sanny: Not a listing page
naipfefferle.com,nai pfefferle,blocked,human-verified by Sanny: Access denied
offdeal.io,offdeal,no_listings_page,human-verified by Sanny: Not a listing page
pvbcpa.com,pottebam consulting llc,no_listings_page,human-verified by Sanny: Not a listing page
myagentsalim.com,realty executives of northern california,no_listings_page,human-verified by Sanny: Page unvailable
re-plus.com,replus properties,no_listings_page,human-verified by Sanny: Not a listing page
trepadvisors.com,trep advisors,no_listings_page,human-verified by Sanny: Not a listing page
tuskpracticesales.com,tusk practice sales,no_listings_page,human-verified by Sanny: Not a listing page
horizon-trek.com,horizon trek llc.,no_listings_page,human-verified by Sanny: No listing page
acuityedgeadvisors.com,acuity edge advisors,no_listings_page,human-verified by Sanny: Not a listing page
alignba.com,align corporate advisors,no_listings_page,human-verified by Sanny: Not a listing page
axisbizadvisors.com,axis business advisors,no_listings_page,human-verified by Sanny: No Listing page
match-entreprises.com,business match enterprises,no_listings_page,human-verified by Sanny: Not a listing page
newjersey.c21.com,c21 charles smith agency,dead,human-verified by Sanny: Site not found
capstoneconsulting.biz,capstone consulting,no_listings_page,human-verified by Sanny: No listing page
buyselledge.com,edge business advisors,no_listings_page,human-verified by Sanny: Not a listing page
elev8ba.com,"elev8 business advisors, llc",no_listings_page,human-verified by Sanny: No listing page
efinancialmodels.com,excell b2b,no_listings_page,human-verified by Sanny: Not a listing page
kellerwilliamsrealtysierrafoothills.com,kw sierra foothills,blocked,human-verified by Sanny: Access denied
realselectintl.com,miwa associates llc,no_listings_page,human-verified by Sanny: Listing
nexthome.com,nexthome prime,no_listings_page,human-verified by Sanny: Not a listing page
nowcapitalpartners.com,now capital partners,no_listings_page,human-verified by Sanny: Not a listing page
nebraskarealty.com,nr realty,no_listings_page,human-verified by Sanny: Listing
pardusadvisors.com,pardus advisors,no_listings_page,human-verified by Sanny: No listing page
sandp.capital,s+p capital partners,no_listings_page,human-verified by Sanny: Not a listing page
lizotterealestate.com,shonik dhamija,dead,human-verified by Sanny: This site can’t be reached
thelozengroup.com,the lozen group,no_listings_page,human-verified by Sanny: No listing page
thewoodwardco.com,"the woodward company, inc.",no_listings_page,human-verified by Sanny: Not a listing page
truewavebrokers.com,trustwave brokers,no_listings_page,human-verified by Sanny: No listing page
altaterrarealty.com,"united country altaterra realty & auction, llc",dead,human-verified by Sanny: This site can’t be reached
jeremymavis.com,woodland developments & realty,no_listings_page,human-verified by Sanny: LIsting
bullockrussell.com,bullock russell real estate services,no_listings_page,human-verified by Sanny: LIsting
kickstartmyfranchise.com,kickstart my franchise,no_listings_page,human-verified by Sanny: Not a listing page
668771058.hibuwebsites.com,vicstory,no_listings_page,human-verified by Sanny: Not a listing page
viewpoint.pwc.com,815 market share,no_listings_page,human-verified by Sanny: Not a listing page
github.com,bond,no_listings_page,human-verified by Sanny: Not a listing page
cbankston.com,cbankston business brokerage,no_listings_page,human-verified by Sanny: Not a listing page
century21.com,century 21 fort bragg realty,no_listings_page,human-verified by Sanny: Not a listing page
choicerealty.net,choice realty,no_listings_page,human-verified by Sanny: No listing page
chrisspeed.net,chris speed,no_listings_page,human-verified by Sanny: Not a listing page
doradorealestatepros.com,dorado real estate,no_listings_page,human-verified by Sanny: Not a listing page
joinepique.com,epique realty,no_listings_page,human-verified by Sanny: Not a listing page
franfinders.com,franfinder inc,no_listings_page,human-verified by Sanny: Not a listing page
seattlebusiness4sale.com,hs real estate associates inc.,no_listings_page,human-verified by Sanny: No listing page
infinityreinvestments.net,infinity realty & investments,no_listings_page,human-verified by Sanny: Page unvailable
innovationtva.com,innovation tva,no_listings_page,human-verified by Sanny: Not a listing page
kwlbk.com,keller williams lubbock,no_listings_page,human-verified by Sanny: Not a listing page
kruseacquisitions.com,"kruse acquisitions, llc",no_listings_page,human-verified by Sanny: Not a listing page
legacyrealestate.net,legacy real estate,no_listings_page,human-verified by Sanny: Not a listing page
columbushomeownership.com,mainstream realty pros,no_listings_page,human-verified by Sanny: Listing
mbbrs.com,mclaughlin business brokers,no_listings_page,human-verified by Sanny: No listing page
mcpbrokerage.com,mcp brokerage llc,dead,human-verified by Sanny: This site can’t be reached
metroportgroup.com,metroport commercial group,blocked,human-verified by Sanny: 403 Forbidden
mdsmanager.com,omni,no_listings_page,human-verified by Sanny: Not a listing page
coloproperty.com,platte river realty,no_listings_page,human-verified by Sanny: Listing
powellrealty.net,powell real estate,no_listings_page,human-verified by Sanny: No listing page
tavola.group,tavola group,no_listings_page,human-verified by Sanny: Not a listing page
theaddingtonagency.com,the addington agency,no_listings_page,human-verified by Sanny: Listing
themcfarlandgroup.com,the mcfarland group,no_listings_page,human-verified by Sanny: Not a listing page
truagent.com,tru agent real estate,no_listings_page,human-verified by Sanny: No listing page
eliteclubpartners.com,vintage sotheby's international realty commercial,no_listings_page,human-verified by Sanny: Listing
arxbrokers.com,arx brokers,no_listings_page,human-verified by Sanny: No listing page
m.crossroadsbizadvisors.webnode.com,crossroads business advisors,no_listings_page,human-verified by Sanny: Page unvailable
evergreenadvisorsllc.com,evergreen business advisors,no_listings_page,human-verified by Sanny: Not a listing page
gressadvisory.biz,gress advisory llc,no_listings_page,human-verified by Sanny: Not a listing page
primebas.com,prime business advisor,no_listings_page,human-verified by Sanny: Not a listing page
rosebusinessbrokers.com,rose brokers llc,no_listings_page,human-verified by Sanny: No listing page
maviunlimited.com,mavi unlimited,no_listings_page,human-verified by Sanny: No listing page
theagencypros.com,agency professionals,no_listings_page,human-verified by Sanny: No listing page
alphafl.com,"alpha real estate of central florida, llc",no_listings_page,human-verified by Sanny: No listing page
aombrokers.com,aom brokers,no_listings_page,human-verified by Sanny: No listing page
atlanticcoastbusinessbrokers.com,atlantic coast business advisors,no_listings_page,human-verified by Sanny: No listing page
axiaadvisors.com,axia advisors,no_listings_page,human-verified by Sanny: No listing page
business.danburychamber.com,bankside m&a advisors,no_listings_page,human-verified by Sanny: No listing page
batonstrategies.com,baton strategies,no_listings_page,human-verified by Sanny: No listing page
bhhsfloridakeys.com,berkshire hathaway key real estate,no_listings_page,human-verified by Sanny: Listing
bloomtreerealty.com,bhgre bloomtree realty,no_listings_page,human-verified by Sanny: Listing
bosqueridge.com,bosque ridge,no_listings_page,human-verified by Sanny: No listing page
bts-m-a.com,business transition strategies,no_listings_page,human-verified by Sanny: No listing page
calbusinessrealty.com,california business realty,no_listings_page,human-verified by Sanny: No listing page
cdgentryassociates.com,cd gentry associates,no_listings_page,human-verified by Sanny: No listing page
aarealty02.c21.com,century 21 aa realty,dead,human-verified by Sanny: Site not found
dealwrk.com,dealwrk,no_listings_page,human-verified by Sanny: Not a listing page
delexrealty.com,delex realty,dead,human-verified by Sanny: This site can’t be reached
eliroinc.com,eliro inc,no_listings_page,human-verified by Sanny: Not a listing page
exithero.com,exit hero,no_listings_page,human-verified by Sanny: Not a listing page
exitrealtykeystone.com,exit realty keystone,no_listings_page,human-verified by Sanny: Page unvailable
firstchc.com,first choice of east hartford,no_listings_page,human-verified by Sanny: Not a listing page
franchise.biz,franchise development,no_listings_page,human-verified by Sanny: Not a listing page
game-changer.net,game changer business results,no_listings_page,human-verified by Sanny: Not a listing page
heartlandrealtygroup.net,heartland realty group llc,no_listings_page,human-verified by Sanny: No listing page
horizonrep.com,horizon realty partner,no_listings_page,human-verified by Sanny: No listing page
integral.com,integral business brokers,no_listings_page,human-verified by Sanny: Not a listing page
jemadv.com,jem advisory solutions,no_listings_page,human-verified by Sanny: Not a listing page
keyrealtynevada.com,key realty llc,no_listings_page,human-verified by Sanny: No listing page
liquorlicenseadvisor.com,liquor license advisor,no_listings_page,human-verified by Sanny: Page unvailable
maximumonerealty.com,maximum one realty,no_listings_page,human-verified by Sanny: No listing page
prewitt.group,prewitt group co,no_listings_page,human-verified by Sanny: Not a listing page
prosperitypartnersinc.net,prosperity partners inc.,no_listings_page,human-verified by Sanny: No listing page
pyrealtyco.com,py realty co.,no_listings_page,human-verified by Sanny: No listing page
reebroker.com,re ebroker group,no_listings_page,human-verified by Sanny: Not a listing page
workwithrealtyonegroup.com,realy one group actin,no_listings_page,human-verified by Sanny: Not a listing page
realestatebyregal.com,regal real estate,no_listings_page,human-verified by Sanny: No listing page
renaissance-company.com,renaissance realty,no_listings_page,human-verified by Sanny: No new listing page
scorecommercial.com,score commercial,no_listings_page,human-verified by Sanny: No listing page
seasidebusinessadvisors.com,seaside business advisors,no_listings_page,human-verified by Sanny: Not a listing page
seniorcarerealty.com,senior care realty by exp commercial,no_listings_page,human-verified by Sanny: No listing page
simplimanagement.com,simpli commercial,no_listings_page,human-verified by Sanny: Not a listing page
surebridge.us,surebridge advisors,no_listings_page,human-verified by Sanny: No listing page
surestepbusiness.com,surestep business advisors,no_listings_page,human-verified by Sanny: No listing page
thebigplan.com,the big brokers,no_listings_page,human-verified by Sanny: Not a listing page
compass-usa.com,the compass group,no_listings_page,human-verified by Sanny: Not a listing page
themercurylink.com,mercury link,no_listings_page,human-verified by Sanny: No listing page
txmaverick.com,maverick business advisors,no_listings_page,human-verified by Sanny: No listing page
meltingpointsystems.com,melting point systems,no_listings_page,human-verified by Sanny: Not a listing page
nomadcapitaladvisors.com,nomad capital advisors,no_listings_page,human-verified by Sanny: Not a listing page
2020cag.com,20/20 capital advisory group,no_listings_page,human-verified by Sanny: Not a listing page
seedpg.com,aspire brokers llc,no_listings_page,human-verified by Sanny: Not a listing page
barrons.com,barron rei inc,no_listings_page,human-verified by Sanny: Not a listing page
transformateurclasse2.com,bei,no_listings_page,human-verified by Sanny: Not a listing page
biznavigators.com,biznavigators llc,no_listings_page,human-verified by Sanny: No listing p age
bluestemlc.com,blue stem land & cattle,no_listings_page,human-verified by Sanny: Not a listing page
bossglobaladvisors.com,boss global advisors,no_listings_page,human-verified by Sanny: Not a listing page
bradshawhome.com,bradshaw international properties,no_listings_page,human-verified by Sanny: Not a listing page
business2eternity.com,business 2 eternity,no_listings_page,human-verified by Sanny: Not a listing page
capstonemanagement.com,capstone real estate,no_listings_page,human-verified by Sanny: Not a listing page
cbcmt.com,coldewell banker,no_listings_page,human-verified by Sanny: Listing
cwprop.com,"commonwealth properties, llc",no_listings_page,human-verified by Sanny: Not a listing page
wcfadvisors.com,"corporate finance advisors, inc.",no_listings_page,human-verified by Sanny: Not a listing page
emjpurenaturalent.com,emj enterprises,no_listings_page,human-verified by Sanny: Not a listing page
exit4smbreach.com,"exit4smb, inc.",dead,human-verified by Sanny: This site can’t be reached
bloomberg.com,fbp services inc,no_listings_page,human-verified by Sanny: Not a listing page
fraziercapital.com,frazier capital,no_listings_page,human-verified by Sanny: Not a listing page
gialuxurygroup.com,gia luxury group (of lpt realty),no_listings_page,human-verified by Sanny: page unvailable
goldmindba.com,goldmind business advisors,no_listings_page,human-verified by Sanny: Not a listing page
softwaremergers.com,invest real estate team,dead,human-verified by Sanny: This site can’t be reached
kawashgroup.com,kawash group,no_listings_page,human-verified by Sanny: Listing
legacybrokergroup.com,legacy home brokers,blocked,human-verified by Sanny: Access Denied
lubanskwhite.com,lubansky & white realty,dead,human-verified by Sanny: This site can’t be reached
maconvalley.com,macon valley,no_listings_page,human-verified by Sanny: Not a listing page
murthamergers.com,murtha & murtha mergers and acquisitions llc,no_listings_page,human-verified by Sanny: Not a listing page
navigatorassociates.com,navigator associates,no_listings_page,human-verified by Sanny: Not a listing page
northcoastadvsrs.com,"north coast capital advisors, ltd.",no_listings_page,human-verified by Sanny: Not a listing page
northernedgeadvisors.com,northern edge,no_listings_page,human-verified by Sanny: No listing page
joinpremieretoday.com,premier realty & dev.,no_listings_page,human-verified by Sanny: Not a listing page
ny.gov,real new york,no_listings_page,human-verified by Sanny: Not a listing page
regaltoncapital.com,regalton capital,no_listings_page,human-verified by Sanny: Not a listing page
remaxdynamicproperties.com,remax dynamic properties,no_listings_page,human-verified by Sanny: Not a listing page
rjcforbusiness.com,rjc business brokerage & consulting,no_listings_page,human-verified by Sanny: No listing page
robertallendesign.com,robert allen,no_listings_page,human-verified by Sanny: Not a listing page
russellathleticbusiness.com,russell commercial,no_listings_page,human-verified by Sanny: Not a listing page
sapphiremountaingroup.com,sapphire mountain group,no_listings_page,human-verified by Sanny: Not a listing page
sherrodre.com,sherrod advisory group,no_listings_page,human-verified by Sanny: Not a listing page
srcbrokersinternational.com,src business brokers international,no_listings_page,human-verified by Sanny: Page unvailable
fountainheadfirm.com,the fountainhead firm,no_listings_page,human-verified by Sanny: Not a listing page
tru-south.com,tru south real estate,no_listings_page,human-verified by Sanny: This www.tru-south.com page can’t be found
gwadvisers.com,vi business advisors,no_listings_page,human-verified by Sanny: Not a listing page
vipcommercial.com,vip realty - commercial,no_listings_page,human-verified by Sanny: Not a listing page
agribusinessbrokers.com,warnerwest advisors inc,no_listings_page,human-verified by Sanny: Not a listing page
whiteoaksf.com,white oak brokerage,no_listings_page,human-verified by Sanny: Not a listing page
windermerewhatcom.com,windermere real estate/whatcom inc.,no_listings_page,human-verified by Sanny: Listing
yeti.com,"yeti commercial, llc",no_listings_page,human-verified by Sanny: Not a listing page
